movie_id,movie_title,year,original_language,genres,overview,keywords,cast,director,poster_path,vote_average,vote_count,popularity,soup
579974,RRR,2022,te,"Action, History, Drama",A fictional history of two legendary revolutionaries' journey away from home before they began fighting for their country in the 1920s.,"rescue, revolution, liberation, slavery, male friendship, freedom fighter, british empire, interracial romance, historical fiction, period drama, historical, 1920s, history of india, killed in action, war","N.T. Rama Rao Jr., Ram Charan, Olivia Morris, Ray Stevenson, Alison Doody, Ajay Devgn, Alia Bhatt, Samuthirakani",S. S. Rajamouli,/wE0I6efAW4cDDmZQWtwZMOW44EJ.jpg,7.719,1716,11.558,a fictional history of two legendary revolutionaries journey away from home before they began fighting for their country in the 1920s a fictional history of two legendary revolutionaries journey away from home before they began fighting for their country in the 1920s a fictional history of two legendary revolutionaries journey away from home before they began fighting for their country in the 1920s action history drama action history drama rescue revolution liberation slavery male friendship freedom fighter british empire interracial romance historical fiction period drama historical 1920s history of india killed in action war rescue revolution liberation slavery male friendship freedom fighter british empire interracial romance historical fiction period drama historical 1920s history of india killed in action war n t rama rao jr ram charan olivia morris ray stevenson alison doody ajay devgn alia bhatt samuthirakani s s rajamouli te te
1057265,Peddi,2026,te,"Action, Drama","In a village that doesn't officially exist, a laborer's unmatched athletic talent becomes his weapon to fight for his people's right to be recognized.","sports, politics, cricket, 1980s, multi-sports","Ram Charan, Janhvi Kapoor, Shiva Rajkumar, Jagapati Babu, Divyendu Sharma, Boman Irani, Ravi Kishan, Rao Ramesh",Buchi Babu Sana,/kJAJNNBYlbqAcpTDxBNnaILSMTy.jpg,5.688,72,8.8995,in a village that doesn t officially exist a laborer s unmatched athletic talent becomes his weapon to fight for his people s right to be recognized in a village that doesn t officially exist a laborer s unmatched athletic talent becomes his weapon to fight for his people s right to be recognized in a village that doesn t officially exist a laborer s unmatched athletic talent becomes his weapon to fight for his people s right to be recognized action drama action drama sports politics cricket 1980s multi sports sports politics cricket 1980s multi sports ram charan janhvi kapoor shiva rajkumar jagapati babu divyendu sharma boman irani ravi kishan rao ramesh buchi babu sana te te
811941,Devara: Part 1,2024,te,"Drama, Action","A mighty warrior takes a stand against the criminal deeds of his village, while his mild-mannered son grows up to walk his own path.","sea, ship, red sea, boat, revenge, fear, battle, unassuming, swords, ships, violence, boats","N.T. Rama Rao Jr., Saif Ali Khan, Prakash Raj, Srikanth, Kalaiyarasan, Shruti Marathe, Janhvi Kapoor, Shine Tom Chacko",Koratala Siva,/lQfuaXjANoTsdx5iS0gCXlK9D2L.jpg,6.818,228,5.6702,a mighty warrior takes a stand against the criminal deeds of his village while his mild mannered son grows up to walk his own path a mighty warrior takes a stand against the criminal deeds of his village while his mild mannered son grows up to walk his own path a mighty warrior takes a stand against the criminal deeds of his village while his mild mannered son grows up to walk his own path drama action drama action sea ship red sea boat revenge fear battle unassuming swords ships violence boats sea ship red sea boat revenge fear battle unassuming swords ships violence boats n t rama rao jr saif ali khan prakash raj srikanth kalaiyarasan shruti marathe janhvi kapoor shine tom chacko koratala siva te te
350312,Bāhubali 2: The Conclusion,2017,te,"Action, Adventure, Fantasy","When Mahendra, the son of Bāhubali, learns about his heritage, he begins to look for answers. His story is juxtaposed with past events that unfolded in the Mahishmati Kingdom.","kingdom, bilingual","Prabhas, Rana Daggubati, Anushka Shetty, Sathyaraj, Nassar, Ramya Krishnan, Subbaraju, Tamannaah Bhatia",S. S. Rajamouli,/21sC2assImQIYCEDA84Qh9d1RsK.jpg,7.498,892,5.9483,when mahendra the son of b hubali learns about his heritage he begins to look for answers his story is juxtaposed with past events that unfolded in the mahishmati kingdom when mahendra the son of b hubali learns about his heritage he begins to look for answers his story is juxtaposed with past events that unfolded in the mahishmati kingdom when mahendra the son of b hubali learns about his heritage he begins to look for answers his story is juxtaposed with past events that unfolded in the mahishmati kingdom action adventure fantasy action adventure fantasy kingdom bilingual kingdom bilingual prabhas rana daggubati anushka shetty sathyaraj nassar ramya krishnan subbaraju tamannaah bhatia s s rajamouli te te
256040,Bāhubali: The Beginning,2015,te,"Action, Drama","The young Shivudu is left as a foundling in a small village by his mother. By the time he’s grown up, it has become apparent that he possesses exceptional gifts. He meets the beautiful warrior princess Avanthika and learns that her queen has been held captive for the last 25 years. Shividu sets off to rescue her, discovering his own origins in the process.","kingdom, medieval india, ancient india, bilingual","Prabhas, Rana Daggubati, Tamannaah Bhatia, Anushka Shetty, Ramya Krishnan, Nassar, Sathyaraj, Prabhakar",S. S. Rajamouli,/9BAjt8nSSms62uOVYn1t3C3dVto.jpg,7.557,971,6.2337,the young shivudu is left as a foundling in a small village by his mother by the time he s grown up it has become apparent that he possesses exceptional gifts he meets the beautiful warrior princess avanthika and learns that her queen has been held captive for the last 25 years shividu sets off to rescue her discovering his own origins in the process the young shivudu is left as a foundling in a small village by his mother by the time he s grown up it has become apparent that he possesses exceptional gifts he meets the beautiful warrior princess avanthika and learns that her queen has been held captive for the last 25 years shividu sets off to rescue her discovering his own origins in the process the young shivudu is left as a foundling in a small village by his mother by the time he s grown up it has become apparent that he possesses exceptional gifts he meets the beautiful warrior princess avanthika and learns that her queen has been held captive for the last 25 years shividu sets off to rescue her discovering his own origins in the process action drama action drama kingdom medieval india ancient india bilingual kingdom medieval india ancient india bilingual prabhas rana daggubati tamannaah bhatia anushka shetty ramya krishnan nassar sathyaraj prabhakar s s rajamouli te te
801688,Kalki 2898-AD,2024,te,"Drama, Action, Fantasy, Science Fiction","In the year 2898 AD, around 6000 years after Kurukshetra war, Ashwatthama gears up for his final battle of redemption at the sign of hope in a dystopian world and Bhairava, a wisecracking and self-interested bounty hunter, tired of the perilous life becomes the hurdle in the process.","rebellion, hero, temple, dystopia, villain, desert, religious statue, futuristic society, quest, imperialism, ancient temple, indian folklore, evil empire, fantasy, indian gods","Amitabh Bachchan, Prabhas, Deepika Padukone, Kamal Haasan, Saswata Chatterjee, Shobana, Rajendra Prasad, Pasupathy",Nag Ashwin,/rstcAnBeCkxNQjNp3YXrF6IP1tW.jpg,6.423,202,4.0873,in the year 2898 ad around 6000 years after kurukshetra war ashwatthama gears up for his final battle of redemption at the sign of hope in a dystopian world and bhairava a wisecracking and self interested bounty hunter tired of the perilous life becomes the hurdle in the process in the year 2898 ad around 6000 years after kurukshetra war ashwatthama gears up for his final battle of redemption at the sign of hope in a dystopian world and bhairava a wisecracking and self interested bounty hunter tired of the perilous life becomes the hurdle in the process in the year 2898 ad around 6000 years after kurukshetra war ashwatthama gears up for his final battle of redemption at the sign of hope in a dystopian world and bhairava a wisecracking and self interested bounty hunter tired of the perilous life becomes the hurdle in the process drama action fantasy science fiction drama action fantasy science fiction rebellion hero temple dystopia villain desert religious statue futuristic society quest imperialism ancient temple indian folklore evil empire fantasy indian gods rebellion hero temple dystopia villain desert religious statue futuristic society quest imperialism ancient temple indian folklore evil empire fantasy indian gods amitabh bachchan prabhas deepika padukone kamal haasan saswata chatterjee shobana rajendra prasad pasupathy nag ashwin te te
857598,Pushpa 2 - The Rule,2024,te,"Action, Drama, Thriller, Crime","As his smuggling empire grows, a brazen Pushpa longs for power and respect on his vengeful journey, while facing old rivals and new.","sequel, ego clash","Allu Arjun, Rashmika Mandanna, Fahadh Faasil, Jagadeesh Bandari, Rao Ramesh, Sunil Varma, Anasuya Bharadwaj, Ajay",Sukumar,/1T21FblunT0y8fz7YaW8JMYgUKm.jpg,6.189,167,3.8031,as his smuggling empire grows a brazen pushpa longs for power and respect on his vengeful journey while facing old rivals and new as his smuggling empire grows a brazen pushpa longs for power and respect on his vengeful journey while facing old rivals and new as his smuggling empire grows a brazen pushpa longs for power and respect on his vengeful journey while facing old rivals and new action drama thriller crime action drama thriller crime sequel ego clash sequel ego clash allu arjun rashmika mandanna fahadh faasil jagadeesh bandari rao ramesh sunil varma anasuya bharadwaj ajay sukumar te te
1060046,HIT: The Third Case,2025,te,"Crime, Thriller, Action",The Homicide Intervention Team (HIT) sends ruthless police officer Arjun Sarkaar to find a group of killers and stop their grisly murder spree.,"investigation, violent death, anxious, brutal murder","Nani, Srinidhi Shetty, Komalee Prasad, Rao Ramesh, Surya Srinivas, Adil Pala, Prateik Smita Patil, Amit Sharma",Sailesh Kolanu,/wT9tGyFol4RBwkjESXUWeBdnLJn.jpg,6.669,65,3.8437,the homicide intervention team hit sends ruthless police officer arjun sarkaar to find a group of killers and stop their grisly murder spree the homicide intervention team hit sends ruthless police officer arjun sarkaar to find a group of killers and stop their grisly murder spree the homicide intervention team hit sends ruthless police officer arjun sarkaar to find a group of killers and stop their grisly murder spree crime thriller action crime thriller action investigation violent death anxious brutal murder investigation violent death anxious brutal murder nani srinidhi shetty komalee prasad rao ramesh surya srinivas adil pala prateik smita patil amit sharma sailesh kolanu te te
1239511,Lucky Baskhar,2024,te,"Thriller, Crime, Drama",A middle-class bank clerk who longs to trade stability for adventure gets more than he bargained for when he unexpectedly becomes a wealthy man.,"money laundering, anti hero, bank employee, investment","Dulquer Salmaan, Meenakshi Chaudhary, Tinnu Anand, Sai Kumar, Ramki, Raghu Babu, Maanasa Chaudhary, Sarvadaman D. Banerjee",Venky Atluri,/a47JQFl9L7VDa79tEvnTOJe0rPa.jpg,7.684,106,3.3866,a middle class bank clerk who longs to trade stability for adventure gets more than he bargained for when he unexpectedly becomes a wealthy man a middle class bank clerk who longs to trade stability for adventure gets more than he bargained for when he unexpectedly becomes a wealthy man a middle class bank clerk who longs to trade stability for adventure gets more than he bargained for when he unexpectedly becomes a wealthy man thriller crime drama thriller crime drama money laundering anti hero bank employee investment money laundering anti hero bank employee investment dulquer salmaan meenakshi chaudhary tinnu anand sai kumar ramki raghu babu maanasa chaudhary sarvadaman d banerjee venky atluri te te
770906,Salaar: Part 1 - Ceasefire,2023,te,"Action, Crime, Drama","Set in the fictional dystopian city-state of Khansaar, the film follows the friendship between Deva, a tribesman, and Varadha, the prince of Khansaar. When a coup d'état is planned by his father's ministers and his relatives, Varadha enlists Deva's help to become Khansaar's undisputed ruler.",,"Prabhas, Prithviraj Sukumaran, Shruti Haasan, Easwari Rao, Jagapati Babu, Bobby Simha, Sriya Reddy, Ramachandra Raju",Prashanth Neel,/nlu9WbcetNFRGXXPWITr30ob7W6.jpg,6.818,129,3.6429,set in the fictional dystopian city state of khansaar the film follows the friendship between deva a tribesman and varadha the prince of khansaar when a coup d tat is planned by his father s ministers and his relatives varadha enlists deva s help to become khansaar s undisputed ruler set in the fictional dystopian city state of khansaar the film follows the friendship between deva a tribesman and varadha the prince of khansaar when a coup d tat is planned by his father s ministers and his relatives varadha enlists deva s help to become khansaar s undisputed ruler set in the fictional dystopian city state of khansaar the film follows the friendship between deva a tribesman and varadha the prince of khansaar when a coup d tat is planned by his father s ministers and his relatives varadha enlists deva s help to become khansaar s undisputed ruler action crime drama action crime drama   prabhas prithviraj sukumaran shruti haasan easwari rao jagapati babu bobby simha sriya reddy ramachandra raju prashanth neel te te
894803,Sita Ramam,2022,te,"History, Romance, Drama","Afreen, a rebellious Pakistani student sets ablaze the car of an Indian in London. Angered Afreen returns to Pakistan to ask for money from her grandfather that she has to pay in a month's time as damages. However, she gets to know that he is no more and the only thing he has left for her is a letter-delivering task, written by Ram to Sita. As Afreen sets out to find Ram, there begins her journey of discovering the secret behind the 20-year-old letter.","loving, love in war, pure love, intense, romantic, classic, admiring, awestruck, vibrant, pure heart","Dulquer Salmaan, Mrunal Thakur, Rashmika Mandanna, Sumanth, Gautham Vasudev Menon, Tharun Bhascker, Vennela Kishore, Shatru",Hanu Raghavapudi,/t1O94ZBzsQXJihtVkrsStRLyUDR.jpg,7.772,123,3.9434,afreen a rebellious pakistani student sets ablaze the car of an indian in london angered afreen returns to pakistan to ask for money from her grandfather that she has to pay in a month s time as damages however she gets to know that he is no more and the only thing he has left for her is a letter delivering task written by ram to sita as afreen sets out to find ram there begins her journey of discovering the secret behind the 20 year old letter afreen a rebellious pakistani student sets ablaze the car of an indian in london angered afreen returns to pakistan to ask for money from her grandfather that she has to pay in a month s time as damages however she gets to know that he is no more and the only thing he has left for her is a letter delivering task written by ram to sita as afreen sets out to find ram there begins her journey of discovering the secret behind the 20 year old letter afreen a rebellious pakistani student sets ablaze the car of an indian in london angered afreen returns to pakistan to ask for money from her grandfather that she has to pay in a month s time as damages however she gets to know that he is no more and the only thing he has left for her is a letter delivering task written by ram to sita as afreen sets out to find ram there begins her journey of discovering the secret behind the 20 year old letter history romance drama history romance drama loving love in war pure love intense romantic classic admiring awestruck vibrant pure heart loving love in war pure love intense romantic classic admiring awestruck vibrant pure heart dulquer salmaan mrunal thakur rashmika mandanna sumanth gautham vasudev menon tharun bhascker vennela kishore shatru hanu raghavapudi te te
690957,Pushpa: The Rise,2021,te,"Action, Drama, Thriller","As Pushpa, a labourer, rises in the world of red sandalwood smuggling, he ends up making many enemies. However, violence ensues when the police try to topple his illegal business.","rags to riches, smugglers, sandalwood, egotistical, authoritarian","Allu Arjun, Fahadh Faasil, Rashmika Mandanna, Jagadeesh Bandari, Sunil Varma, Anasuya Bharadwaj, Dhananjay, Ajay Ghosh",Sukumar,/h6Pd89ngvl9quPVsx3KoJlQsvk9.jpg,6.774,208,2.8724,as pushpa a labourer rises in the world of red sandalwood smuggling he ends up making many enemies however violence ensues when the police try to topple his illegal business as pushpa a labourer rises in the world of red sandalwood smuggling he ends up making many enemies however violence ensues when the police try to topple his illegal business as pushpa a labourer rises in the world of red sandalwood smuggling he ends up making many enemies however violence ensues when the police try to topple his illegal business action drama thriller action drama thriller rags to riches smugglers sandalwood egotistical authoritarian rags to riches smugglers sandalwood egotistical authoritarian allu arjun fahadh faasil rashmika mandanna jagadeesh bandari sunil varma anasuya bharadwaj dhananjay ajay ghosh sukumar te te
1068452,Hi Nanna,2023,te,"Drama, Family, Romance","Six-year-old Mahi, a spirited child with cystic fibrosis, shares a deep yet complex bond with her father, Viraj, a dedicated single parent and successful fashion photographer. Her curiosity about her absent mother leads to a journey of discovery when she runs away with her loyal dog, Pluto. A chance encounter with a kind woman named Yashna sparks unexpected revelations, intertwining their lives in ways they never anticipated. Set against a backdrop of love, sacrifice, and redemption, Mahi’s story is a heartfelt exploration of family, resilience, and the enduring power of connection.",,"Nani, Mrunal Thakur, Baby Kiara Khanna, Jayaram, Shilpa Tulaskar, Priyadarshi Pullikonda, Angad Bedi, Viraj Ashwin",Shouryuv,/hhMLtq9m1aK0dpY9Wcq26XeDH2z.jpg,7.929,78,3.1935,six year old mahi a spirited child with cystic fibrosis shares a deep yet complex bond with her father viraj a dedicated single parent and successful fashion photographer her curiosity about her absent mother leads to a journey of discovery when she runs away with her loyal dog pluto a chance encounter with a kind woman named yashna sparks unexpected revelations intertwining their lives in ways they never anticipated set against a backdrop of love sacrifice and redemption mahi s story is a heartfelt exploration of family resilience and the enduring power of connection six year old mahi a spirited child with cystic fibrosis shares a deep yet complex bond with her father viraj a dedicated single parent and successful fashion photographer her curiosity about her absent mother leads to a journey of discovery when she runs away with her loyal dog pluto a chance encounter with a kind woman named yashna sparks unexpected revelations intertwining their lives in ways they never anticipated set against a backdrop of love sacrifice and redemption mahi s story is a heartfelt exploration of family resilience and the enduring power of connection six year old mahi a spirited child with cystic fibrosis shares a deep yet complex bond with her father viraj a dedicated single parent and successful fashion photographer her curiosity about her absent mother leads to a journey of discovery when she runs away with her loyal dog pluto a chance encounter with a kind woman named yashna sparks unexpected revelations intertwining their lives in ways they never anticipated set against a backdrop of love sacrifice and redemption mahi s story is a heartfelt exploration of family resilience and the enduring power of connection drama family romance drama family romance   nani mrunal thakur baby kiara khanna jayaram shilpa tulaskar priyadarshi pullikonda angad bedi viraj ashwin shouryuv te te
454292,Saaho,2019,te,"Action, Adventure, Thriller","A battle for power ensues as warring gangters thrive to gain possession of a ""black box"" that can make them richer than they already are, and an undercover cop intervenes with the help of his sharp intellect and an instinct to kill.","truck, gunfight, motorcycle chase, action hero, sujeeth cinematic universe","Prabhas, Shraddha Kapoor, Neil Nitin Mukesh, Chunky Panday, Mandira Bedi, Arun Vijay, Murali Sharma, Jackie Shroff",Sujeeth,/rWXIpR2uPkwb1Hrhjj2FA62FGdu.jpg,5.718,119,2.4099,a battle for power ensues as warring gangters thrive to gain possession of a black box that can make them richer than they already are and an undercover cop intervenes with the help of his sharp intellect and an instinct to kill a battle for power ensues as warring gangters thrive to gain possession of a black box that can make them richer than they already are and an undercover cop intervenes with the help of his sharp intellect and an instinct to kill a battle for power ensues as warring gangters thrive to gain possession of a black box that can make them richer than they already are and an undercover cop intervenes with the help of his sharp intellect and an instinct to kill action adventure thriller action adventure thriller truck gunfight motorcycle chase action hero sujeeth cinematic universe truck gunfight motorcycle chase action hero sujeeth cinematic universe prabhas shraddha kapoor neil nitin mukesh chunky panday mandira bedi arun vijay murali sharma jackie shroff sujeeth te te
148265,Eega,2012,te,"Fantasy, Action, Comedy, Drama","A passionate flower decorator, Nani, falls for his neighbor, Bindhu, but their budding romance takes an unexpected turn when he crosses paths with Sudeep, a ruthless and powerful businessman.","afterlife, reincarnation, revenge, murder, torture, bilingual","Kichcha Sudeepa, Samantha Ruth Prabhu, Nani, Adithya Menon, Thagubothu Ramesh, Devadarshini, Chatrapathi Sekhar, Srinivasa Reddy",S. S. Rajamouli,/pX7fn4EZrg2YFlV4GNMIfHDOQZ6.jpg,7.118,271,2.8926,a passionate flower decorator nani falls for his neighbor bindhu but their budding romance takes an unexpected turn when he crosses paths with sudeep a ruthless and powerful businessman a passionate flower decorator nani falls for his neighbor bindhu but their budding romance takes an unexpected turn when he crosses paths with sudeep a ruthless and powerful businessman a passionate flower decorator nani falls for his neighbor bindhu but their budding romance takes an unexpected turn when he crosses paths with sudeep a ruthless and powerful businessman fantasy action comedy drama fantasy action comedy drama afterlife reincarnation revenge murder torture bilingual afterlife reincarnation revenge murder torture bilingual kichcha sudeepa samantha ruth prabhu nani adithya menon thagubothu ramesh devadarshini chatrapathi sekhar srinivasa reddy s s rajamouli te te
605153,Major,2022,te,"Action, History, Drama","This biopic follows the life of Indian Army officer Major Sandeep Unnikrishnan, from his childhood to his heroic actions during the 2008 Mumbai attacks.","hotel, operation, escape, wife, gun, war on terror, based on true story, attack, terrorism, parent, terrorist attack, military, 2000s, radical islam, terror attack","Adivi Sesh, Saiee Manjrekar, Sobhita Dhulipala, Murali Sharma, Prakash Raj, Revathi, Vinay Nallakadi, Anish Kuruvilla",Sashi Kiran Tikka,/25tkF57bdYLDUnJTUEOkM8ovaEt.jpg,7.009,54,2.5072,this biopic follows the life of indian army officer major sandeep unnikrishnan from his childhood to his heroic actions during the 2008 mumbai attacks this biopic follows the life of indian army officer major sandeep unnikrishnan from his childhood to his heroic actions during the 2008 mumbai attacks this biopic follows the life of indian army officer major sandeep unnikrishnan from his childhood to his heroic actions during the 2008 mumbai attacks action history drama action history drama hotel operation escape wife gun war on terror based on true story attack terrorism parent terrorist attack military 2000s radical islam terror attack hotel operation escape wife gun war on terror based on true story attack terrorism parent terrorist attack military 2000s radical islam terror attack adivi sesh saiee manjrekar sobhita dhulipala murali sharma prakash raj revathi vinay nallakadi anish kuruvilla sashi kiran tikka te te
23790,Magadheera,2009,te,Action,"A street-bike racer chances upon a woman and is struck by visions of a past life where they were both star-crossed lovers in a war-ridden kingdom 400 years ago, while the reincarnation of his romantic rival emerges with murderous intent.","warrior, reincarnated lovers","Ram Charan, Kajal Aggarwal, Dev Gill, Srihari, Sunil Varma, Surya Bhagawan Das, Chatrapathi Sekhar, Sarath Babu",S. S. Rajamouli,/xK7MEV56GF291VG0U5XnVJuvNv3.jpg,7.301,156,3.0844,a street bike racer chances upon a woman and is struck by visions of a past life where they were both star crossed lovers in a war ridden kingdom 400 years ago while the reincarnation of his romantic rival emerges with murderous intent a street bike racer chances upon a woman and is struck by visions of a past life where they were both star crossed lovers in a war ridden kingdom 400 years ago while the reincarnation of his romantic rival emerges with murderous intent a street bike racer chances upon a woman and is struck by visions of a past life where they were both star crossed lovers in a war ridden kingdom 400 years ago while the reincarnation of his romantic rival emerges with murderous intent action action warrior reincarnated lovers warrior reincarnated lovers ram charan kajal aggarwal dev gill srihari sunil varma surya bhagawan das chatrapathi sekhar sarath babu s s rajamouli te te
628241,Ala Vaikunthapurramuloo,2020,te,"Action, Comedy, Drama, Family","After growing up enduring criticism from his father, a young man finds his world shaken upon learning he was switched at birth with a millionaire's son.","coma, exchange, hospital, class differences, rich, neglected child, poor, child exchange","Allu Arjun, Pooja Hegde, Murali Sharma, Jayaram, Sushanth, Samuthirakani, Tabu, Rajendra Prasad",Trivikram Srinivas,/2rzORJaegE2bbKNVkQXbZCeV0BP.jpg,6.571,120,2.524,after growing up enduring criticism from his father a young man finds his world shaken upon learning he was switched at birth with a millionaire s son after growing up enduring criticism from his father a young man finds his world shaken upon learning he was switched at birth with a millionaire s son after growing up enduring criticism from his father a young man finds his world shaken upon learning he was switched at birth with a millionaire s son action comedy drama family action comedy drama family coma exchange hospital class differences rich neglected child poor child exchange coma exchange hospital class differences rich neglected child poor child exchange allu arjun pooja hegde murali sharma jayaram sushanth samuthirakani tabu rajendra prasad trivikram srinivas te te
459713,Mahanati,2018,te,"Drama, History","Mahanati depicts the life and career of one of Telugu cinema's greatest and most iconic starlets, the first Indian female super star, Savitri.","biography, autobiography, crying, director, secret marriage, savitri, love marriage","Keerthy Suresh, Dulquer Salmaan, Samantha Ruth Prabhu, Vijay Deverakonda, Prakash Raj, Shalini Pandey, Mohan Babu, Krish Jagarlamudi",Nag Ashwin,/5hwtlwoLdSpkoeusT0sf8qW5VFB.jpg,7.609,70,1.8829,mahanati depicts the life and career of one of telugu cinema s greatest and most iconic starlets the first indian female super star savitri mahanati depicts the life and career of one of telugu cinema s greatest and most iconic starlets the first indian female super star savitri mahanati depicts the life and career of one of telugu cinema s greatest and most iconic starlets the first indian female super star savitri drama history drama history biography autobiography crying director secret marriage savitri love marriage biography autobiography crying director secret marriage savitri love marriage keerthy suresh dulquer salmaan samantha ruth prabhu vijay deverakonda prakash raj shalini pandey mohan babu krish jagarlamudi nag ashwin te te
811945,HIT: The 2nd Case,2022,te,"Crime, Thriller, Action","Krishna Dev aka KD, a laidback cop working in Andhra Pradesh State HIT, takes on a gruesome murder case. As KD unravels the layers of the crime, the stakes rise unbelievably high and the threat comes unusually close.",,"Adivi Sesh, Meenakshi Chaudhary, Komalee Prasad, Maganti Srinath, Rao Ramesh, Suhas, Divya Narni, Tanikella Bharani",Sailesh Kolanu,/tidXGOilCSa5sch1KGiEXrWeYCf.jpg,6.849,53,2.0272,krishna dev aka kd a laidback cop working in andhra pradesh state hit takes on a gruesome murder case as kd unravels the layers of the crime the stakes rise unbelievably high and the threat comes unusually close krishna dev aka kd a laidback cop working in andhra pradesh state hit takes on a gruesome murder case as kd unravels the layers of the crime the stakes rise unbelievably high and the threat comes unusually close krishna dev aka kd a laidback cop working in andhra pradesh state hit takes on a gruesome murder case as kd unravels the layers of the crime the stakes rise unbelievably high and the threat comes unusually close crime thriller action crime thriller action   adivi sesh meenakshi chaudhary komalee prasad maganti srinath rao ramesh suhas divya narni tanikella bharani sailesh kolanu te te
461126,Rangasthalam,2018,te,"Action, Drama",Chitti Babu begins to suspect his elder brother's life is in danger after they team up to lock horns with their village president and overthrow his unlawful 30 year old regime.,"period drama, caste politics","Ram Charan, Aadhi Pinisetty, Samantha Ruth Prabhu, Jagapati Babu, Prakash Raj, Anasuya Bharadwaj, Mahesh Achanta, Naresh",Sukumar,/yiEzDgBBFC25Zd6z0r7sMngn5vr.jpg,7.239,88,1.8541,chitti babu begins to suspect his elder brother s life is in danger after they team up to lock horns with their village president and overthrow his unlawful 30 year old regime chitti babu begins to suspect his elder brother s life is in danger after they team up to lock horns with their village president and overthrow his unlawful 30 year old regime chitti babu begins to suspect his elder brother s life is in danger after they team up to lock horns with their village president and overthrow his unlawful 30 year old regime action drama action drama period drama caste politics period drama caste politics ram charan aadhi pinisetty samantha ruth prabhu jagapati babu prakash raj anasuya bharadwaj mahesh achanta naresh sukumar te te
592898,Jersey,2019,te,Drama,"After his career fails to take off, a gifted cricketer in his mid-thirties decides that he’s not ready to give up quite yet.","cricket, indian cricket team","Nani, Shraddha Srinath, Ronit Kamra, Harish Kalyan, Viswant Duddumpudi, Sathyaraj, Sanusha Santhosh, Sampath Raj",Gowtam Tinnanuri,/bU9q9yVtxeBiC0Do27CekHXNE6D.jpg,8.054,84,2.1587,after his career fails to take off a gifted cricketer in his mid thirties decides that he s not ready to give up quite yet after his career fails to take off a gifted cricketer in his mid thirties decides that he s not ready to give up quite yet after his career fails to take off a gifted cricketer in his mid thirties decides that he s not ready to give up quite yet drama drama cricket indian cricket team cricket indian cricket team nani shraddha srinath ronit kamra harish kalyan viswant duddumpudi sathyaraj sanusha santhosh sampath raj gowtam tinnanuri te te
215248,Yevadu,2014,te,"Action, Thriller","Satya is given a different face after he suffers burn-related injuries. After being released from the hospital, he deals with the murderer of his lover Deepti. But his new face has given him new foes.",,"Ram Charan, Sai Kumar, Jayasudha, Shruti Haasan, Amy Jackson, Raja Chembolu, Brahmanandam, Kota Srinivasa Rao",Vamshi Paidipally,/euSAn9sVeS4Qnaj1ZWDw56gPi9W.jpg,6.006,78,1.9528,satya is given a different face after he suffers burn related injuries after being released from the hospital he deals with the murderer of his lover deepti but his new face has given him new foes satya is given a different face after he suffers burn related injuries after being released from the hospital he deals with the murderer of his lover deepti but his new face has given him new foes satya is given a different face after he suffers burn related injuries after being released from the hospital he deals with the murderer of his lover deepti but his new face has given him new foes action thriller action thriller   ram charan sai kumar jayasudha shruti haasan amy jackson raja chembolu brahmanandam kota srinivasa rao vamshi paidipally te te
37172,Athadu,2005,te,"Action, Thriller, Family","A hitman, Nandu, is hired to stage the assassination of a politician. However, when the politician is actually killed and Nandu is framed for the murder, he assumes a dead man's identity to evade the law.","assassination, corruption, escape, hitman, politics, attempted murder, investigation, redemption, politician, deception, revenge, murder, betrayal, on the run, conspiracy","Mahesh Babu, Trisha Krishnan, Prakash Raj, Sonu Sood, Sayaji Shinde, Kota Srinivasa Rao, Rahul Dev, Nassar",Trivikram Srinivas,/ojZAu2KOemaDEfLnJXZeuU9QQko.jpg,7.778,81,2.1003,a hitman nandu is hired to stage the assassination of a politician however when the politician is actually killed and nandu is framed for the murder he assumes a dead man s identity to evade the law a hitman nandu is hired to stage the assassination of a politician however when the politician is actually killed and nandu is framed for the murder he assumes a dead man s identity to evade the law a hitman nandu is hired to stage the assassination of a politician however when the politician is actually killed and nandu is framed for the murder he assumes a dead man s identity to evade the law action thriller family action thriller family assassination corruption escape hitman politics attempted murder investigation redemption politician deception revenge murder betrayal on the run conspiracy assassination corruption escape hitman politics attempted murder investigation redemption politician deception revenge murder betrayal on the run conspiracy mahesh babu trisha krishnan prakash raj sonu sood sayaji shinde kota srinivasa rao rahul dev nassar trivikram srinivas te te
442405,The Ghazi Attack,2017,te,"Action, War, Thriller, History",India’s first underwater war film tries to decode the mystery behind the sinking of Pakistani submarine PNS Ghazi during the India-Pakistan war of 1971.,"submarine, 1970s, india pakistan war, indian navy","Kay Kay Menon, Rana Daggubati, Atul Kulkarni, Taapsee Pannu, Amitabh Bachchan, Om Puri, Milind Gunaji, Rahul Singh",Sankalp Reddy,/i7lITQa1v7dZZgLIdE8vZRnPhOC.jpg,7.111,108,2.13,india s first underwater war film tries to decode the mystery behind the sinking of pakistani submarine pns ghazi during the india pakistan war of 1971 india s first underwater war film tries to decode the mystery behind the sinking of pakistani submarine pns ghazi during the india pakistan war of 1971 india s first underwater war film tries to decode the mystery behind the sinking of pakistani submarine pns ghazi during the india pakistan war of 1971 action war thriller history action war thriller history submarine 1970s india pakistan war indian navy submarine 1970s india pakistan war indian navy kay kay menon rana daggubati atul kulkarni taapsee pannu amitabh bachchan om puri milind gunaji rahul singh sankalp reddy te te
563604,Dear Comrade,2019,te,"Drama, Action, Romance",A hot-blooded student union leader falls for a state-level cricketer but his anger management issues and violent streak threatens to derail their love story .,,"Vijay Deverakonda, Rashmika Mandanna, Shruti Ramachandran, Suhas, Raj Arjun, Charu Haasan, Anand, Kalyani Natarajan",Bharat Kamma,/wEDh02aLl2fkCXi25V4MOOuEuWF.jpg,6.779,52,1.9718,a hot blooded student union leader falls for a state level cricketer but his anger management issues and violent streak threatens to derail their love story a hot blooded student union leader falls for a state level cricketer but his anger management issues and violent streak threatens to derail their love story a hot blooded student union leader falls for a state level cricketer but his anger management issues and violent streak threatens to derail their love story drama action romance drama action romance   vijay deverakonda rashmika mandanna shruti ramachandran suhas raj arjun charu haasan anand kalyani natarajan bharat kamma te te
540468,Geetha Govindam,2018,te,Romance,"Vijay Govind, a young college lecturer who dreams of marriage falls for Geetha, a level-headed woman who's wary of strangers and isn't easy to convince. While things seem to go smoothly, Vijay makes a terrible mistake which not only derails any hope for his love story, but also potential repercussions with his family.",,"Vijay Deverakonda, Rashmika Mandanna, Vennela Kishore, Subbaraju, Rahul Ramakrishna, Annapoorna, Giri Babu, Ravi Prakash",Parasuram Petla,/4pPnvasj2vwcs8EMmUPUUBhNycT.jpg,6.844,90,1.9019,vijay govind a young college lecturer who dreams of marriage falls for geetha a level headed woman who s wary of strangers and isn t easy to convince while things seem to go smoothly vijay makes a terrible mistake which not only derails any hope for his love story but also potential repercussions with his family vijay govind a young college lecturer who dreams of marriage falls for geetha a level headed woman who s wary of strangers and isn t easy to convince while things seem to go smoothly vijay makes a terrible mistake which not only derails any hope for his love story but also potential repercussions with his family vijay govind a young college lecturer who dreams of marriage falls for geetha a level headed woman who s wary of strangers and isn t easy to convince while things seem to go smoothly vijay makes a terrible mistake which not only derails any hope for his love story but also potential repercussions with his family romance romance   vijay deverakonda rashmika mandanna vennela kishore subbaraju rahul ramakrishna annapoorna giri babu ravi prakash parasuram petla te te
607313,Sarileru Neekevvaru,2020,te,Action,A tough army major is deployed to Kurnool on a mission to keep the country safe from external threats.,"rescue, army, corruption, orphan, political intrigue , family dynamics","Mahesh Babu, Vijayashanti, Prakash Raj, Rashmika Mandanna, Sangeetha Krish, Rajendra Prasad, Vennela Kishore, Rao Ramesh",Anil Ravipudi,/66MSawKC7nkqjD1BMlQHXl6y3C.jpg,5.848,66,1.7647,a tough army major is deployed to kurnool on a mission to keep the country safe from external threats a tough army major is deployed to kurnool on a mission to keep the country safe from external threats a tough army major is deployed to kurnool on a mission to keep the country safe from external threats action action rescue army corruption orphan political intrigue family dynamics rescue army corruption orphan political intrigue family dynamics mahesh babu vijayashanti prakash raj rashmika mandanna sangeetha krish rajendra prasad vennela kishore rao ramesh anil ravipudi te te
443635,DJ: Duvvada Jagannadham,2017,te,"Action, Comedy, Crime","A righteous young man who helps everyone gain their rightful justice, gets recruited as an undercover agent to work on a high profile case that involves a crime lord working for a corrupt minister who also happens to be the father of his romantic interest.",,"Allu Arjun, Pooja Hegde, Rao Ramesh, Murali Sharma, Tanikella Bharani, Vennela Kishore, Subbaraju, Chandra Mohan",Harish Shankar,/hb0hntwxMyFz0HLLmXS3M4cae0P.jpg,5.719,73,1.7538,a righteous young man who helps everyone gain their rightful justice gets recruited as an undercover agent to work on a high profile case that involves a crime lord working for a corrupt minister who also happens to be the father of his romantic interest a righteous young man who helps everyone gain their rightful justice gets recruited as an undercover agent to work on a high profile case that involves a crime lord working for a corrupt minister who also happens to be the father of his romantic interest a righteous young man who helps everyone gain their rightful justice gets recruited as an undercover agent to work on a high profile case that involves a crime lord working for a corrupt minister who also happens to be the father of his romantic interest action comedy crime action comedy crime   allu arjun pooja hegde rao ramesh murali sharma tanikella bharani vennela kishore subbaraju chandra mohan harish shankar te te
353533,Srimanthudu,2015,te,"Action, Drama","Harsha, a multi-millionaire guy who has everything but there is something else he's looking for and in the process he adopts a complete village trying to bring change in the people.","crime boss, political intrigue , wrongful conviction, family values, political corruption, social issues, false arrest, remote village, father son relationship, infrastructure, social responsibility, romantic, uplifting message, rural development","Mahesh Babu, Shruti Haasan, Jagapati Babu, Mukesh Rishi, Sampath Raj, Rajendra Prasad, Ali, Shivaji Raja",Koratala Siva,/qHSgSMZUiIqKCe76PBs6QuA6MRM.jpg,6.71,69,1.6916,harsha a multi millionaire guy who has everything but there is something else he s looking for and in the process he adopts a complete village trying to bring change in the people harsha a multi millionaire guy who has everything but there is something else he s looking for and in the process he adopts a complete village trying to bring change in the people harsha a multi millionaire guy who has everything but there is something else he s looking for and in the process he adopts a complete village trying to bring change in the people action drama action drama crime boss political intrigue wrongful conviction family values political corruption social issues false arrest remote village father son relationship infrastructure social responsibility romantic uplifting message rural development crime boss political intrigue wrongful conviction family values political corruption social issues false arrest remote village father son relationship infrastructure social responsibility romantic uplifting message rural development mahesh babu shruti haasan jagapati babu mukesh rishi sampath raj rajendra prasad ali shivaji raja koratala siva te te
501987,Bharat Ane Nenu,2018,te,"Drama, Action","Bharat, a graduate from Oxford, is forced to take up his father's position as the chief minister after his sudden demise. He is not happy with the way government is functioning in the state and tries to reform the corrupt society but faces obstacles from his enemies.","new love, corruption, politics, political activism, class differences, election, political intrigue , death of parent, integrity, social change, family legacy, youth, political drama, loss of parent, social responsibility","Mahesh Babu, Kiara Advani, Prakash Raj, R. Sarathkumar, Aamani, Devaraj, Sithara, Posani Krishna Murali",Koratala Siva,/a0hFV8G0ofyPgPEjVcYrueuxFex.jpg,6.397,78,1.7036,bharat a graduate from oxford is forced to take up his father s position as the chief minister after his sudden demise he is not happy with the way government is functioning in the state and tries to reform the corrupt society but faces obstacles from his enemies bharat a graduate from oxford is forced to take up his father s position as the chief minister after his sudden demise he is not happy with the way government is functioning in the state and tries to reform the corrupt society but faces obstacles from his enemies bharat a graduate from oxford is forced to take up his father s position as the chief minister after his sudden demise he is not happy with the way government is functioning in the state and tries to reform the corrupt society but faces obstacles from his enemies drama action drama action new love corruption politics political activism class differences election political intrigue death of parent integrity social change family legacy youth political drama loss of parent social responsibility new love corruption politics political activism class differences election political intrigue death of parent integrity social change family legacy youth political drama loss of parent social responsibility mahesh babu kiara advani prakash raj r sarathkumar aamani devaraj sithara posani krishna murali koratala siva te te
683342,V,2020,te,"Action, Crime, Thriller","A celebrated cop, DCP Aditya, faces his toughest challenge when a taunting serial killer begins targeting victims and leaving notes meant for him. Teaming with an aspiring crime novelist, he must stop four more murders to save his medals, career, and reputation while uncovering the killer's past.",revenge thriller,"Nani, Sudheer Babu, Nivetha Thomas, Aditi Rao Hydari, Vennela Kishore, Chakrapani Ananda, Srikanth Iyengar, Tanikella Bharani",Mohana Krishna Indraganti,/iBVcwOVZNGNCNlOLFmcYJW83tTu.jpg,6.544,135,1.6441,a celebrated cop dcp aditya faces his toughest challenge when a taunting serial killer begins targeting victims and leaving notes meant for him teaming with an aspiring crime novelist he must stop four more murders to save his medals career and reputation while uncovering the killer s past a celebrated cop dcp aditya faces his toughest challenge when a taunting serial killer begins targeting victims and leaving notes meant for him teaming with an aspiring crime novelist he must stop four more murders to save his medals career and reputation while uncovering the killer s past a celebrated cop dcp aditya faces his toughest challenge when a taunting serial killer begins targeting victims and leaving notes meant for him teaming with an aspiring crime novelist he must stop four more murders to save his medals career and reputation while uncovering the killer s past action crime thriller action crime thriller revenge thriller revenge thriller nani sudheer babu nivetha thomas aditi rao hydari vennela kishore chakrapani ananda srikanth iyengar tanikella bharani mohana krishna indraganti te te
262227,Race Gurram,2014,te,"Comedy, Action","Ram and Lakshman, aka Lucky, are brothers who are polar opposites in nature. Their mother wishes to see them united.",,"Allu Arjun, Shruti Haasan, Ravi Kishan, Brahmanandam, Shaam, M. S. Narayana, Prakash Raj, Jayaprakash Reddy",Surender Reddy,/gu3bzAFuQH3fZEFnCsj9uWGZH0v.jpg,6.875,73,1.7635,ram and lakshman aka lucky are brothers who are polar opposites in nature their mother wishes to see them united ram and lakshman aka lucky are brothers who are polar opposites in nature their mother wishes to see them united ram and lakshman aka lucky are brothers who are polar opposites in nature their mother wishes to see them united comedy action comedy action   allu arjun shruti haasan ravi kishan brahmanandam shaam m s narayana prakash raj jayaprakash reddy surender reddy te te
369925,Oopiri,2016,te,"Drama, Family, Romance","Impressed by his carefree attitude, quadriplegic multi-billionaire Vikram hires a convict out on parole as his caretaker. What follows is a string of life lessons they learn from each other.","friendship, paraplegic, male friendship, remake, based on movie, unlikely friendship, paralyzed","Nagarjuna Akkineni, Karthi, Tamannaah Bhatia, Jayasudha, Prakash Raj, Ali, Vivek, Anushka Shetty",Vamshi Paidipally,/iXsJEdk1P3V2cm2TSRBuG8ZS1pz.jpg,7.223,56,1.5535,impressed by his carefree attitude quadriplegic multi billionaire vikram hires a convict out on parole as his caretaker what follows is a string of life lessons they learn from each other impressed by his carefree attitude quadriplegic multi billionaire vikram hires a convict out on parole as his caretaker what follows is a string of life lessons they learn from each other impressed by his carefree attitude quadriplegic multi billionaire vikram hires a convict out on parole as his caretaker what follows is a string of life lessons they learn from each other drama family romance drama family romance friendship paraplegic male friendship remake based on movie unlikely friendship paralyzed friendship paraplegic male friendship remake based on movie unlikely friendship paralyzed nagarjuna akkineni karthi tamannaah bhatia jayasudha prakash raj ali vivek anushka shetty vamshi paidipally te te
253533,Manam,2014,te,"Comedy, Drama, Fantasy, Family","A married couple die in an accident, leaving behind a son. As he grows up and becomes successful, he comes across reincarnations of his father and mother as youngsters, and vows to bring them back together.","reincarnation, karma","Nagarjuna Akkineni, Akkineni Nageswara Rao, Naga Chaitanya Akkineni, Shriya Saran, Samantha Ruth Prabhu, Brahmanandam, Ali, Posani Krishna Murali",Vikram Kumar,/pas4iupGgxk0UuhiILiWHDSkMBC.jpg,7.118,68,1.6696,a married couple die in an accident leaving behind a son as he grows up and becomes successful he comes across reincarnations of his father and mother as youngsters and vows to bring them back together a married couple die in an accident leaving behind a son as he grows up and becomes successful he comes across reincarnations of his father and mother as youngsters and vows to bring them back together a married couple die in an accident leaving behind a son as he grows up and becomes successful he comes across reincarnations of his father and mother as youngsters and vows to bring them back together comedy drama fantasy family comedy drama fantasy family reincarnation karma reincarnation karma nagarjuna akkineni akkineni nageswara rao naga chaitanya akkineni shriya saran samantha ruth prabhu brahmanandam ali posani krishna murali vikram kumar te te
56986,Khaleja,2010,te,"Action, Fantasy, Comedy","A village is hounded by an unknown disease, decimating its population. The village priest prophesies that God's avatar will save them. Siddha goes in search of this supernatural potential and finds it in Seetarama Raju, a cab driver.","prophecy, village, supernatural, chosen one, calamity, premonition, desert, destiny, savior, plague, messiah, white savior, suspenseful, mystery and intrigue, comedy mystery","Mahesh Babu, Shafi, Prakash Raj, Rao Ramesh, Anushka Shetty, Ali, Sunil Varma, Tanikella Bharani",Trivikram Srinivas,/rsQbJT4vjyQe6Mpry1i8Tnf86wp.jpg,7.389,72,1.7328,a village is hounded by an unknown disease decimating its population the village priest prophesies that god s avatar will save them siddha goes in search of this supernatural potential and finds it in seetarama raju a cab driver a village is hounded by an unknown disease decimating its population the village priest prophesies that god s avatar will save them siddha goes in search of this supernatural potential and finds it in seetarama raju a cab driver a village is hounded by an unknown disease decimating its population the village priest prophesies that god s avatar will save them siddha goes in search of this supernatural potential and finds it in seetarama raju a cab driver action fantasy comedy action fantasy comedy prophecy village supernatural chosen one calamity premonition desert destiny savior plague messiah white savior suspenseful mystery and intrigue comedy mystery prophecy village supernatural chosen one calamity premonition desert destiny savior plague messiah white savior suspenseful mystery and intrigue comedy mystery mahesh babu shafi prakash raj rao ramesh anushka shetty ali sunil varma tanikella bharani trivikram srinivas te te
23381,Pokiri,2006,te,"Action, Thriller, Crime","Pandu is a contract killer and will accept any contract provided the amount is right. The police want him for questioning, while the underworld needs him to silence their opponents. No one really knows this assassin's background. It is only Pandu who knows his real identity, and he has no intention of sharing it with anyone.","corruption, undercover, gangster, anti hero, gang war, crime boss, mafia boss, rivalry, love-hate relationship, organized crime, tinnitus, mafia, shootout, infiltration, falling in love","Mahesh Babu, Ileana D'Cruz, Prakash Raj, Nassar, Brahmanandam, Ashish Vidhyarthi, Sayaji Shinde, Subbaraju",Puri Jagannadh,/rQ8NH5f3CxRrmqZWMZNYPwLmjDS.jpg,7.62,79,1.7144,pandu is a contract killer and will accept any contract provided the amount is right the police want him for questioning while the underworld needs him to silence their opponents no one really knows this assassin s background it is only pandu who knows his real identity and he has no intention of sharing it with anyone pandu is a contract killer and will accept any contract provided the amount is right the police want him for questioning while the underworld needs him to silence their opponents no one really knows this assassin s background it is only pandu who knows his real identity and he has no intention of sharing it with anyone pandu is a contract killer and will accept any contract provided the amount is right the police want him for questioning while the underworld needs him to silence their opponents no one really knows this assassin s background it is only pandu who knows his real identity and he has no intention of sharing it with anyone action thriller crime action thriller crime corruption undercover gangster anti hero gang war crime boss mafia boss rivalry love hate relationship organized crime tinnitus mafia shootout infiltration falling in love corruption undercover gangster anti hero gang war crime boss mafia boss rivalry love hate relationship organized crime tinnitus mafia shootout infiltration falling in love mahesh babu ileana d cruz prakash raj nassar brahmanandam ashish vidhyarthi sayaji shinde subbaraju puri jagannadh te te
473234,Arjun Reddy,2017,te,"Drama, Romance","A brilliant but impulsive young surgeon spirals into self-destruction after a painful breakup, struggling to cope with love, loss, and the consequences of his own temper.","depression, self-destruction, drug addiction, break-up, alcoholic, impulsive, mentally unstable","Vijay Deverakonda, Shalini Pandey, Rahul Ramakrishna, Kamal Kamaraju, Kanchana, Sanjay Swaroop, Gopinath Bhat, Priyadarshi Pullikonda",Sandeep Reddy Vanga,/kHubDgL59I5hCn7ccBYvU7bKY1r.jpg,6.984,126,1.458,a brilliant but impulsive young surgeon spirals into self destruction after a painful breakup struggling to cope with love loss and the consequences of his own temper a brilliant but impulsive young surgeon spirals into self destruction after a painful breakup struggling to cope with love loss and the consequences of his own temper a brilliant but impulsive young surgeon spirals into self destruction after a painful breakup struggling to cope with love loss and the consequences of his own temper drama romance drama romance depression self destruction drug addiction break up alcoholic impulsive mentally unstable depression self destruction drug addiction break up alcoholic impulsive mentally unstable vijay deverakonda shalini pandey rahul ramakrishna kamal kamaraju kanchana sanjay swaroop gopinath bhat priyadarshi pullikonda sandeep reddy vanga te te
80276,Dookudu,2011,te,"Action, Comedy, Thriller","To protect his father recovering from a coma, a relentless cop must pose as the political leader his father always envisioned while hunting the men who tried to kill him.","coma, undercover, mafia boss, deception, revenge, mafia, tv show in film, make believe, father son relationship, love story, reality tv, tv show","Mahesh Babu, Samantha Ruth Prabhu, Prakash Raj, Sonu Sood, Brahmanandam, M. S. Narayana, Adithya Menon, Kota Srinivasa Rao",Sreenu Vaitla,/e9uffrN9z22uuiBF9B0bTDDvbjz.jpg,6.784,58,1.5879,to protect his father recovering from a coma a relentless cop must pose as the political leader his father always envisioned while hunting the men who tried to kill him to protect his father recovering from a coma a relentless cop must pose as the political leader his father always envisioned while hunting the men who tried to kill him to protect his father recovering from a coma a relentless cop must pose as the political leader his father always envisioned while hunting the men who tried to kill him action comedy thriller action comedy thriller coma undercover mafia boss deception revenge mafia tv show in film make believe father son relationship love story reality tv tv show coma undercover mafia boss deception revenge mafia tv show in film make believe father son relationship love story reality tv tv show mahesh babu samantha ruth prabhu prakash raj sonu sood brahmanandam m s narayana adithya menon kota srinivasa rao sreenu vaitla te te
405924,Janatha Garage,2016,te,"Action, Drama","Anand is an environmental activist who lives in Mumbai. A chance exchange programme takes him to Hyderabad and here, a chance encounter with Satyam results in him taking over the Janatha Garage from the latter.","garage, environmental","N.T. Rama Rao Jr., Mohanlal, Unni Mukundan, Samantha Ruth Prabhu, Nithya Menen, Sai Kumar, Sachin Khedekar, Devayani",Koratala Siva,/1RiIzc08FG6kBr0E4LpUwSmtwcE.jpg,7.073,55,2.0761,anand is an environmental activist who lives in mumbai a chance exchange programme takes him to hyderabad and here a chance encounter with satyam results in him taking over the janatha garage from the latter anand is an environmental activist who lives in mumbai a chance exchange programme takes him to hyderabad and here a chance encounter with satyam results in him taking over the janatha garage from the latter anand is an environmental activist who lives in mumbai a chance exchange programme takes him to hyderabad and here a chance encounter with satyam results in him taking over the janatha garage from the latter action drama action drama garage environmental garage environmental n t rama rao jr mohanlal unni mukundan samantha ruth prabhu nithya menen sai kumar sachin khedekar devayani koratala siva te te
374954,Sarrainodu,2016,te,"Action, Drama","Ghana, a jobless young man who left military to bring justice to the society, whiling away timing beating up goons. Life takes a turn when he brushes the shady Vairam Dhanush the wrong way.","corrupt politician, ex soldier, landgrabbing","Allu Arjun, Rakul Preet Singh, Aadhi Pinisetty, Catherine Tresa, Srikanth, Jayaprakash, Jayaprakash Reddy, Vidyullekha Raman",Boyapati Srinu,/qbiW01I4uYXZ8LWoxinEsMGpIz4.jpg,6.116,56,1.542,ghana a jobless young man who left military to bring justice to the society whiling away timing beating up goons life takes a turn when he brushes the shady vairam dhanush the wrong way ghana a jobless young man who left military to bring justice to the society whiling away timing beating up goons life takes a turn when he brushes the shady vairam dhanush the wrong way ghana a jobless young man who left military to bring justice to the society whiling away timing beating up goons life takes a turn when he brushes the shady vairam dhanush the wrong way action drama action drama corrupt politician ex soldier landgrabbing corrupt politician ex soldier landgrabbing allu arjun rakul preet singh aadhi pinisetty catherine tresa srikanth jayaprakash jayaprakash reddy vidyullekha raman boyapati srinu te te
80880,Aarya,2004,te,"Romance, Drama","Aarya is a happy-go-lucky young man who goes to college. When he falls in love with Geetha at first sight, he proposes to her - in front of her boyfriend Ajay, who recently also proposed to her. She bluntly refuses, but ...",,"Allu Arjun, Anuradha Mehta, Siva Balaji, Subbaraju, Sunil Varma, Venu Madhav, Rajan P Dev, Sudha",Sukumar,/6f1LchtFTgpK2Np2incbHglLgoc.jpg,6.536,56,1.582,aarya is a happy go lucky young man who goes to college when he falls in love with geetha at first sight he proposes to her in front of her boyfriend ajay who recently also proposed to her she bluntly refuses but aarya is a happy go lucky young man who goes to college when he falls in love with geetha at first sight he proposes to her in front of her boyfriend ajay who recently also proposed to her she bluntly refuses but aarya is a happy go lucky young man who goes to college when he falls in love with geetha at first sight he proposes to her in front of her boyfriend ajay who recently also proposed to her she bluntly refuses but romance drama romance drama   allu arjun anuradha mehta siva balaji subbaraju sunil varma venu madhav rajan p dev sudha sukumar te te
249772,1: Nenokkadine,2014,te,"Mystery, Action, Thriller",A rock star must overcome his psychological inhibitions to seek revenge for his parents' death.,"london, england, rock star, identity, hallucination, identity crisis, crime boss, illusion, revenge, memory, psychological thriller, assumed dead, psychological disorder, green revolution, belfast","Mahesh Babu, Kriti Sanon, Nassar, Kelly Dorji, Pradeep Ram Singh Rawat, Anand, Anu Hasan, Sayaji Shinde",Sukumar,/dYpqpA7BsDHeyAGs9AAEPhZmbck.jpg,6.714,105,1.6946,a rock star must overcome his psychological inhibitions to seek revenge for his parents death a rock star must overcome his psychological inhibitions to seek revenge for his parents death a rock star must overcome his psychological inhibitions to seek revenge for his parents death mystery action thriller mystery action thriller london england rock star identity hallucination identity crisis crime boss illusion revenge memory psychological thriller assumed dead psychological disorder green revolution belfast london england rock star identity hallucination identity crisis crime boss illusion revenge memory psychological thriller assumed dead psychological disorder green revolution belfast mahesh babu kriti sanon nassar kelly dorji pradeep ram singh rawat anand anu hasan sayaji shinde sukumar te te
83889,Businessman,2012,te,"Action, Crime","Just as the cops have declared the end of Mafia in Mumbai, a man named Surya arrives in the city with the intentions of conquering it.","corruption, loss of loved one, gangster, anti hero, murder, vigilante, organized crime, extortion, mafia, orphan, corrupt politician, gun violence, rise to power, political corruption, crime syndicate","Mahesh Babu, Kajal Aggarwal, Prakash Raj, Sayaji Shinde, Nassar, Dharmavarupu Subramanyam, Mahesh Balraj, Ayesha Shiva",Puri Jagannadh,/hLF5o53irg0ZVV4ecLptkLgiTXq.jpg,7.109,69,1.4572,just as the cops have declared the end of mafia in mumbai a man named surya arrives in the city with the intentions of conquering it just as the cops have declared the end of mafia in mumbai a man named surya arrives in the city with the intentions of conquering it just as the cops have declared the end of mafia in mumbai a man named surya arrives in the city with the intentions of conquering it action crime action crime corruption loss of loved one gangster anti hero murder vigilante organized crime extortion mafia orphan corrupt politician gun violence rise to power political corruption crime syndicate corruption loss of loved one gangster anti hero murder vigilante organized crime extortion mafia orphan corrupt politician gun violence rise to power political corruption crime syndicate mahesh babu kajal aggarwal prakash raj sayaji shinde nassar dharmavarupu subramanyam mahesh balraj ayesha shiva puri jagannadh te te
94965,Okkadu,2003,te,"Romance, Action, Drama","Ajay, a fiery Kabaddi player from Hyderabad, visits Kurnool for a tournament and rescues Swapna from a faction leader Obul Reddy, who wants to force her into marriage. He secretly hides her in his home and assists her in planning her escape abroad for her higher studies. But, fate has other plans.","rescue, police, sports, kidnapping, rivalry, tension, tournament, falling in love, tough guy, faction, escape plan, manhunt, kabaddi, father son relationship, brother sister relationship","Mahesh Babu, Bhumika Chawla, Prakash Raj, Mukesh Rishi, Geetha, Chandra Mohan, Ajay, Dharmavarupu Subramanyam",Gunasekhar,/nVBa5QWSPrVzFyHK2XWrsruQzyl.jpg,7.784,52,1.4986,ajay a fiery kabaddi player from hyderabad visits kurnool for a tournament and rescues swapna from a faction leader obul reddy who wants to force her into marriage he secretly hides her in his home and assists her in planning her escape abroad for her higher studies but fate has other plans ajay a fiery kabaddi player from hyderabad visits kurnool for a tournament and rescues swapna from a faction leader obul reddy who wants to force her into marriage he secretly hides her in his home and assists her in planning her escape abroad for her higher studies but fate has other plans ajay a fiery kabaddi player from hyderabad visits kurnool for a tournament and rescues swapna from a faction leader obul reddy who wants to force her into marriage he secretly hides her in his home and assists her in planning her escape abroad for her higher studies but fate has other plans romance action drama romance action drama rescue police sports kidnapping rivalry tension tournament falling in love tough guy faction escape plan manhunt kabaddi father son relationship brother sister relationship rescue police sports kidnapping rivalry tension tournament falling in love tough guy faction escape plan manhunt kabaddi father son relationship brother sister relationship mahesh babu bhumika chawla prakash raj mukesh rishi geetha chandra mohan ajay dharmavarupu subramanyam gunasekhar te te
333876,Son of Satyamurthy,2015,te,"Drama, Action, Comedy, Family","The son of a rich businessman struggles to save his father's wealth after his demise. However, he faces many challenges when he becomes the sole breadwinner of his family.",,"Allu Arjun, Samantha Ruth Prabhu, Upendra, Rajendra Prasad, Prakash Raj, Nithya Menen, Brahmanandam, M. S. Narayana",Trivikram Srinivas,/oQq3FMD952F8Rnu619O2boTK1Do.jpg,6.792,72,1.4948,the son of a rich businessman struggles to save his father s wealth after his demise however he faces many challenges when he becomes the sole breadwinner of his family the son of a rich businessman struggles to save his father s wealth after his demise however he faces many challenges when he becomes the sole breadwinner of his family the son of a rich businessman struggles to save his father s wealth after his demise however he faces many challenges when he becomes the sole breadwinner of his family drama action comedy family drama action comedy family   allu arjun samantha ruth prabhu upendra rajendra prasad prakash raj nithya menen brahmanandam m s narayana trivikram srinivas te te
678391,HIT: The First Case,2020,te,"Crime, Thriller, Action","Vikram Rudraraju is a 30-year-old cop working for the Telangana State Police. While Vikram is battling with his own traumatic past, the stakes get high when a girl called Preethi mysteriously disappears in Hyderabad and Vikram has to solve the case at any cost.","hit, vishwaksen","Vishwak Sen, Ruhani Sharma, Murali Sharma, Bhanuchander, Brahmaji, Chaitanya Sagiraju, Naveena Reddy, Ravi Raja",Sailesh Kolanu,/dMxentLHEJPBMQCPXHrUKluODpe.jpg,6.659,63,1.4354,vikram rudraraju is a 30 year old cop working for the telangana state police while vikram is battling with his own traumatic past the stakes get high when a girl called preethi mysteriously disappears in hyderabad and vikram has to solve the case at any cost vikram rudraraju is a 30 year old cop working for the telangana state police while vikram is battling with his own traumatic past the stakes get high when a girl called preethi mysteriously disappears in hyderabad and vikram has to solve the case at any cost vikram rudraraju is a 30 year old cop working for the telangana state police while vikram is battling with his own traumatic past the stakes get high when a girl called preethi mysteriously disappears in hyderabad and vikram has to solve the case at any cost crime thriller action crime thriller action hit vishwaksen hit vishwaksen vishwak sen ruhani sharma murali sharma bhanuchander brahmaji chaitanya sagiraju naveena reddy ravi raja sailesh kolanu te te
681435,Red,2021,te,"Crime, Mystery, Thriller","When civil engineer Siddharth is arrested for a murder on the basis of a pictorial evidence, cops discover his lookalike Aditya and realize they have only 48 hours to solve the case.","remake, twins","Ram Pothineni, Nivetha Pethuraj, Malvika Sharma, Amritha Aiyer, Sampath Raj, Vennela Kishore, Nassar, Posani Krishna Murali",Kishore Tirumala,/7cEEDAHhMGtoWfYXJxelVMRwLu0.jpg,5.298,62,1.358,when civil engineer siddharth is arrested for a murder on the basis of a pictorial evidence cops discover his lookalike aditya and realize they have only 48 hours to solve the case when civil engineer siddharth is arrested for a murder on the basis of a pictorial evidence cops discover his lookalike aditya and realize they have only 48 hours to solve the case when civil engineer siddharth is arrested for a murder on the basis of a pictorial evidence cops discover his lookalike aditya and realize they have only 48 hours to solve the case crime mystery thriller crime mystery thriller remake twins remake twins ram pothineni nivetha pethuraj malvika sharma amritha aiyer sampath raj vennela kishore nassar posani krishna murali kishore tirumala te te
610482,Agent Sai Srinivasa Athreya,2019,te,"Crime, Comedy, Mystery","Agent Sai Srinivasa Athreya is a brilliant, underrated detective from Nellore who runs an agency called FBI which sees no business. He gets more than what he asked for when a case happens to fall right into his lap out of nowhere.",detective agency,"Naveen Polishetty, Shruti Sharma, Ram Dutt, Suhas, Shredha Rajagopalan, Darbha Appaji Ambarisha, Viswanath Mandalika, Prashant Yarramilli",Swaroop RSJ,/jMVfhhWfHLawVp3kd55KBy3VBsW.jpg,7.409,66,1.2725,agent sai srinivasa athreya is a brilliant underrated detective from nellore who runs an agency called fbi which sees no business he gets more than what he asked for when a case happens to fall right into his lap out of nowhere agent sai srinivasa athreya is a brilliant underrated detective from nellore who runs an agency called fbi which sees no business he gets more than what he asked for when a case happens to fall right into his lap out of nowhere agent sai srinivasa athreya is a brilliant underrated detective from nellore who runs an agency called fbi which sees no business he gets more than what he asked for when a case happens to fall right into his lap out of nowhere crime comedy mystery crime comedy mystery detective agency detective agency naveen polishetty shruti sharma ram dutt suhas shredha rajagopalan darbha appaji ambarisha viswanath mandalika prashant yarramilli swaroop rsj te te
34763,Aarya 2,2009,te,"Romance, Comedy, Action","Two young boys staying together at an orphanage become friends. One of them is adopted by a wealthy family and grows up to become the owner of a software company. He provides employment for his friend, but when they both fall in love with the same young woman, conflict emerges.","best friend, friends in love","Allu Arjun, Kajal Aggarwal, Navdeep, Brahmanandam, Mukesh Rishi, Ajay, Shraddha Das, Sayaji Shinde",Sukumar,/kjbbx8kV6pNhNXX9aRsVDwyEJbm.jpg,6.544,57,1.2723,two young boys staying together at an orphanage become friends one of them is adopted by a wealthy family and grows up to become the owner of a software company he provides employment for his friend but when they both fall in love with the same young woman conflict emerges two young boys staying together at an orphanage become friends one of them is adopted by a wealthy family and grows up to become the owner of a software company he provides employment for his friend but when they both fall in love with the same young woman conflict emerges two young boys staying together at an orphanage become friends one of them is adopted by a wealthy family and grows up to become the owner of a software company he provides employment for his friend but when they both fall in love with the same young woman conflict emerges romance comedy action romance comedy action best friend friends in love best friend friends in love allu arjun kajal aggarwal navdeep brahmanandam mukesh rishi ajay shraddha das sayaji shinde sukumar te te
540189,Goodachari,2018,te,"Thriller, Action, Crime","Gopi, is the son of an ex-RAW agent Raghuveer. Brought up by his uncle Sathya, he wants to be an agent just like his father and uncle. But Satya wants him to lead a normal life and not be killed like his father was. What happens in Gopi’s life that turns everything upside down?",spy,"Adivi Sesh, Prakash Raj, Jagapati Babu, Supriya Yarlagadda, Sobhita Dhulipala, Vennela Kishore, Madhu Shalini, Rakesh Varre",Sashi Kiran Tikka,/uG04EjdV1zrj91ROxP75jwRxxv0.jpg,6.936,55,1.2439,gopi is the son of an ex raw agent raghuveer brought up by his uncle sathya he wants to be an agent just like his father and uncle but satya wants him to lead a normal life and not be killed like his father was what happens in gopi s life that turns everything upside down gopi is the son of an ex raw agent raghuveer brought up by his uncle sathya he wants to be an agent just like his father and uncle but satya wants him to lead a normal life and not be killed like his father was what happens in gopi s life that turns everything upside down gopi is the son of an ex raw agent raghuveer brought up by his uncle sathya he wants to be an agent just like his father and uncle but satya wants him to lead a normal life and not be killed like his father was what happens in gopi s life that turns everything upside down thriller action crime thriller action crime spy spy adivi sesh prakash raj jagapati babu supriya yarlagadda sobhita dhulipala vennela kishore madhu shalini rakesh varre sashi kiran tikka te te
135870,Rebel,2012,te,Action,"After his parents are brutally murdered, a man goes on a quest to find his parents' killers. He finds that his own uncle is involved in the killings.",,"Prabhas, Tamannaah Bhatia, Deeksha Seth, Brahmanandam, Mukesh Rishi, Chalapathi Rao, Sayaji Shinde, Ali",Raghava Lawrence,/nwD0qvuk75C0a3uI7WT04BbZb2j.jpg,4.328,64,0.3708,after his parents are brutally murdered a man goes on a quest to find his parents killers he finds that his own uncle is involved in the killings after his parents are brutally murdered a man goes on a quest to find his parents killers he finds that his own uncle is involved in the killings after his parents are brutally murdered a man goes on a quest to find his parents killers he finds that his own uncle is involved in the killings action action   prabhas tamannaah bhatia deeksha seth brahmanandam mukesh rishi chalapathi rao sayaji shinde ali raghava lawrence te te
20453,3 Idiots,2009,hi,"Drama, Comedy","Rascal. Joker. Dreamer. Genius... You've never met a college student quite like ""Rancho."" From the moment he arrives at India's most prestigious university, Rancho's outlandish schemes turn the campus upside down—along with the lives of his two newfound best friends. Together, they make life miserable for ""Virus,"" the school’s uptight and heartless dean. But when Rancho catches the eye of the dean's daughter, Virus sets his sights on flunking out the ""3 idiots"" once and for all.","challenge, middle class, slapstick comedy, coming of age, flashback, teacher, friends, engineering, university, subjective camera, smart kid, poor kid, looking for friend, plot twist, inspirational","Aamir Khan, R. Madhavan, Sharman Joshi, Kareena Kapoor Khan, Boman Irani, Omi Vaidya, Mona Singh, Rahul Kumar",Rajkumar Hirani,/66A9MqXOyVFCssoloscw79z8Tew.jpg,8.011,2853,11.8745,rascal joker dreamer genius you ve never met a college student quite like rancho from the moment he arrives at india s most prestigious university rancho s outlandish schemes turn the campus upside down along with the lives of his two newfound best friends together they make life miserable for virus the school s uptight and heartless dean but when rancho catches the eye of the dean s daughter virus sets his sights on flunking out the 3 idiots once and for all rascal joker dreamer genius you ve never met a college student quite like rancho from the moment he arrives at india s most prestigious university rancho s outlandish schemes turn the campus upside down along with the lives of his two newfound best friends together they make life miserable for virus the school s uptight and heartless dean but when rancho catches the eye of the dean s daughter virus sets his sights on flunking out the 3 idiots once and for all rascal joker dreamer genius you ve never met a college student quite like rancho from the moment he arrives at india s most prestigious university rancho s outlandish schemes turn the campus upside down along with the lives of his two newfound best friends together they make life miserable for virus the school s uptight and heartless dean but when rancho catches the eye of the dean s daughter virus sets his sights on flunking out the 3 idiots once and for all drama comedy drama comedy challenge middle class slapstick comedy coming of age flashback teacher friends engineering university subjective camera smart kid poor kid looking for friend plot twist inspirational challenge middle class slapstick comedy coming of age flashback teacher friends engineering university subjective camera smart kid poor kid looking for friend plot twist inspirational aamir khan r madhavan sharman joshi kareena kapoor khan boman irani omi vaidya mona singh rahul kumar rajkumar hirani hi hi
1291608,Dhurandhar,2025,hi,"Action, Crime, Thriller","In the early 2000s, an undercover operative infiltrates Karachi's underworld, breaking into its inner circle to dismantle a violent nexus from within.","espionage, political party, politics, patriotism, nationalism, gore, pakistan, torture, terrorism, terrorist attack, gun violence, bloodshed, political corruption, 1990s, spy thriller","Ranveer Singh, Akshaye Khanna, R. Madhavan, Arjun Rampal, Sanjay Dutt, Sara Arjun, Rakesh Bedi, Danish Pandor",Aditya Dhar,/8FHOtUpNIk5ZPEay2N2EY5lrxkv.jpg,7.323,365,12.9312,in the early 2000s an undercover operative infiltrates karachi s underworld breaking into its inner circle to dismantle a violent nexus from within in the early 2000s an undercover operative infiltrates karachi s underworld breaking into its inner circle to dismantle a violent nexus from within in the early 2000s an undercover operative infiltrates karachi s underworld breaking into its inner circle to dismantle a violent nexus from within action crime thriller action crime thriller espionage political party politics patriotism nationalism gore pakistan torture terrorism terrorist attack gun violence bloodshed political corruption 1990s spy thriller espionage political party politics patriotism nationalism gore pakistan torture terrorism terrorist attack gun violence bloodshed political corruption 1990s spy thriller ranveer singh akshaye khanna r madhavan arjun rampal sanjay dutt sara arjun rakesh bedi danish pandor aditya dhar hi hi
19404,Dilwale Dulhania Le Jayenge,1995,hi,"Comedy, Drama, Romance","Raj is a rich, carefree, happy-go-lucky second generation NRI. Simran is the daughter of Chaudhary Baldev Singh, who in spite of being an NRI is very strict about adherence to Indian values. Simran has left for India to be married to her childhood fiancé. Raj leaves for India with a mission at his hands, to claim his lady love under the noses of her whole family. Thus begins a saga.","family's daily life, family history, love-hate relationship, family drama, love affair, lighthearted","Kajol, Shah Rukh Khan, Amrish Puri, Farida Jalal, Anupam Kher, Pooja Ruparel, Parmeet Sethi, Satish Shah",Aditya Chopra,/lfRkUr7DYdHldAqi3PwdQGBRBPM.jpg,8.501,4629,10.3918,raj is a rich carefree happy go lucky second generation nri simran is the daughter of chaudhary baldev singh who in spite of being an nri is very strict about adherence to indian values simran has left for india to be married to her childhood fianc raj leaves for india with a mission at his hands to claim his lady love under the noses of her whole family thus begins a saga raj is a rich carefree happy go lucky second generation nri simran is the daughter of chaudhary baldev singh who in spite of being an nri is very strict about adherence to indian values simran has left for india to be married to her childhood fianc raj leaves for india with a mission at his hands to claim his lady love under the noses of her whole family thus begins a saga raj is a rich carefree happy go lucky second generation nri simran is the daughter of chaudhary baldev singh who in spite of being an nri is very strict about adherence to indian values simran has left for india to be married to her childhood fianc raj leaves for india with a mission at his hands to claim his lady love under the noses of her whole family thus begins a saga comedy drama romance comedy drama romance family s daily life family history love hate relationship family drama love affair lighthearted family s daily life family history love hate relationship family drama love affair lighthearted kajol shah rukh khan amrish puri farida jalal anupam kher pooja ruparel parmeet sethi satish shah aditya chopra hi hi
1582770,Dhurandhar: The Revenge,2026,hi,"Action, Crime, Thriller","As rival gangs, corrupt officials and a ruthless Major Iqbal close in, Hamza's mission for his country spirals into a bloody personal war where the line between patriot and monster disappears in the streets of Lyari.","undercover, espionage, politics, spy, traitor, patriotism, nationalism, gore, gang leader, pakistan, sequel, betrayal, conspiracy, torture, soldier","Ranveer Singh, Arjun Rampal, Rakesh Bedi, R. Madhavan, Manav Gohil, Sara Arjun, Sanjay Dutt, Gaurav Gera",Aditya Dhar,/ov8vrRLZGoXHpYjSY9Vpv1tHJX7.jpg,7.28,166,9.578,as rival gangs corrupt officials and a ruthless major iqbal close in hamza s mission for his country spirals into a bloody personal war where the line between patriot and monster disappears in the streets of lyari as rival gangs corrupt officials and a ruthless major iqbal close in hamza s mission for his country spirals into a bloody personal war where the line between patriot and monster disappears in the streets of lyari as rival gangs corrupt officials and a ruthless major iqbal close in hamza s mission for his country spirals into a bloody personal war where the line between patriot and monster disappears in the streets of lyari action crime thriller action crime thriller undercover espionage politics spy traitor patriotism nationalism gore gang leader pakistan sequel betrayal conspiracy torture soldier undercover espionage politics spy traitor patriotism nationalism gore gang leader pakistan sequel betrayal conspiracy torture soldier ranveer singh arjun rampal rakesh bedi r madhavan manav gohil sara arjun sanjay dutt gaurav gera aditya dhar hi hi
1160018,KILL,2024,hi,"Action, Crime, Thriller","When an army commando finds out his true love is engaged against her will, he boards a New Dehli-bound train in a daring quest to derail the arranged marriage. But when a gang of knife-wielding thieves begin to terrorize innocent passengers on his train, the commando takes them on, one by one.","train, one man army, relationship, train robbery, aggressive, action hero, high octane","Lakshya, Raghav Juyal, Tanya Maniktala, Ashish Vidhyarthi, Abhishek Chauhan, Harsh Chhaya, Adrija Sinha, Meenal Kapoor",Nikhil Nagesh Bhat,/m2zXTuNPkywdYLyWlVyJZW2QOJH.jpg,7.161,545,7.5563,when an army commando finds out his true love is engaged against her will he boards a new dehli bound train in a daring quest to derail the arranged marriage but when a gang of knife wielding thieves begin to terrorize innocent passengers on his train the commando takes them on one by one when an army commando finds out his true love is engaged against her will he boards a new dehli bound train in a daring quest to derail the arranged marriage but when a gang of knife wielding thieves begin to terrorize innocent passengers on his train the commando takes them on one by one when an army commando finds out his true love is engaged against her will he boards a new dehli bound train in a daring quest to derail the arranged marriage but when a gang of knife wielding thieves begin to terrorize innocent passengers on his train the commando takes them on one by one action crime thriller action crime thriller train one man army relationship train robbery aggressive action hero high octane train one man army relationship train robbery aggressive action hero high octane lakshya raghav juyal tanya maniktala ashish vidhyarthi abhishek chauhan harsh chhaya adrija sinha meenal kapoor nikhil nagesh bhat hi hi
297222,PK,2014,hi,"Comedy, Drama, Science Fiction","A stranger in the city asks questions no one has asked before. Known only by his initials, the man's innocent questions and childlike curiosity take him on a journey of love, laughter and letting go.","friendship, society, christianity, hinduism, islam, satire, alien, love, religion, sociology, belief in god, islamophobia, pakistan vs india, sikhism, jainism","Aamir Khan, Anushka Sharma, Saurabh Shukla, Boman Irani, Sushant Singh Rajput, Sanjay Dutt, Parikshat Sahni, Reema Debnath",Rajkumar Hirani,/z2x2Y4tncefsIU7h82gmUM5vnBJ.jpg,7.705,1219,7.3123,a stranger in the city asks questions no one has asked before known only by his initials the man s innocent questions and childlike curiosity take him on a journey of love laughter and letting go a stranger in the city asks questions no one has asked before known only by his initials the man s innocent questions and childlike curiosity take him on a journey of love laughter and letting go a stranger in the city asks questions no one has asked before known only by his initials the man s innocent questions and childlike curiosity take him on a journey of love laughter and letting go comedy drama science fiction comedy drama science fiction friendship society christianity hinduism islam satire alien love religion sociology belief in god islamophobia pakistan vs india sikhism jainism friendship society christianity hinduism islam satire alien love religion sociology belief in god islamophobia pakistan vs india sikhism jainism aamir khan anushka sharma saurabh shukla boman irani sushant singh rajput sanjay dutt parikshat sahni reema debnath rajkumar hirani hi hi
26022,My Name Is Khan,2010,hi,"Drama, Romance","Rizwan Khan, a Muslim from the Borivali section of Mumbai, has Asperger's syndrome. He marries a Hindu single mother, Mandira, in San Francisco. After 9/11, Rizwan is detained by authorities at LAX who treat him as a terrorist because of his condition and his race.","autism, mumbai (bombay), india, based on true story, prejudice, religion, disability, asperger's syndrome, asian american, hopeful","Shah Rukh Khan, Kajol, Arjan Aujla, Jimmy Shergill, Sonya Jehan, Zarina Wahab, Adarsh Gourav, Tanay Chheda",Karan Johar,/5Y36lCiNyyV71mjq6LavgiggbhT.jpg,8.045,1509,7.2208,rizwan khan a muslim from the borivali section of mumbai has asperger s syndrome he marries a hindu single mother mandira in san francisco after 9 11 rizwan is detained by authorities at lax who treat him as a terrorist because of his condition and his race rizwan khan a muslim from the borivali section of mumbai has asperger s syndrome he marries a hindu single mother mandira in san francisco after 9 11 rizwan is detained by authorities at lax who treat him as a terrorist because of his condition and his race rizwan khan a muslim from the borivali section of mumbai has asperger s syndrome he marries a hindu single mother mandira in san francisco after 9 11 rizwan is detained by authorities at lax who treat him as a terrorist because of his condition and his race drama romance drama romance autism mumbai bombay india based on true story prejudice religion disability asperger s syndrome asian american hopeful autism mumbai bombay india based on true story prejudice religion disability asperger s syndrome asian american hopeful shah rukh khan kajol arjan aujla jimmy shergill sonya jehan zarina wahab adarsh gourav tanay chheda karan johar hi hi
1239134,Bhooth Bangla,2026,hi,"Horror, Comedy","A man inherits a palace in rural Mangalpur and plans his sister's wedding there, but strange supernatural events and panicked locals force him to investigate the property's mysterious past.","haunted house, black magic, based on myths, legends or folklore, supernatural horror, indian mythology, comedy horror, supernatural comedy","Akshay Kumar, Wamiqa Gabbi, Paresh Rawal, Tabu, Jisshu Sengupta, Rajpal Yadav, Asrani, Mithila Palkar",Priyadarshan,/ArIS4vwUxdhm3j7tsTHmffdfU8W.jpg,5.56,67,6.6635,a man inherits a palace in rural mangalpur and plans his sister s wedding there but strange supernatural events and panicked locals force him to investigate the property s mysterious past a man inherits a palace in rural mangalpur and plans his sister s wedding there but strange supernatural events and panicked locals force him to investigate the property s mysterious past a man inherits a palace in rural mangalpur and plans his sister s wedding there but strange supernatural events and panicked locals force him to investigate the property s mysterious past horror comedy horror comedy haunted house black magic based on myths legends or folklore supernatural horror indian mythology comedy horror supernatural comedy haunted house black magic based on myths legends or folklore supernatural horror indian mythology comedy horror supernatural comedy akshay kumar wamiqa gabbi paresh rawal tabu jisshu sengupta rajpal yadav asrani mithila palkar priyadarshan hi hi
872906,Jawan,2023,hi,"Action, Thriller","An emotional journey of a prison warden, driven by a personal vendetta while keeping up to a promise made years ago, recruits inmates to commit outrageous crimes that shed light on corruption and injustice, in an attempt to get even with his past,  and that leads him to an unexpected reunion.","revenge, vigilantism, political, admiring","Shah Rukh Khan, Nayanthara, Vijay Sethupathi, Deepika Padukone, Sanjay Dutt, Priyamani, Sanya Malhotra, Girija Oak",Atlee,/jFt1gS4BGHlK8xt76Y81Alp4dbt.jpg,7.028,356,6.4387,an emotional journey of a prison warden driven by a personal vendetta while keeping up to a promise made years ago recruits inmates to commit outrageous crimes that shed light on corruption and injustice in an attempt to get even with his past and that leads him to an unexpected reunion an emotional journey of a prison warden driven by a personal vendetta while keeping up to a promise made years ago recruits inmates to commit outrageous crimes that shed light on corruption and injustice in an attempt to get even with his past and that leads him to an unexpected reunion an emotional journey of a prison warden driven by a personal vendetta while keeping up to a promise made years ago recruits inmates to commit outrageous crimes that shed light on corruption and injustice in an attempt to get even with his past and that leads him to an unexpected reunion action thriller action thriller revenge vigilantism political admiring revenge vigilantism political admiring shah rukh khan nayanthara vijay sethupathi deepika padukone sanjay dutt priyamani sanya malhotra girija oak atlee hi hi
360814,Dangal,2016,hi,"Drama, Family, Comedy","Dangal is an extraordinary true story based on the life of Mahavir Singh and his two daughters, Geeta and Babita Phogat. The film traces the inspirational journey of a father who trains his daughters to become world class wrestlers.","small town, strong woman, sports, parent child relationship, empowerment, abusive father, feminism, wrestling, training, biography, autobiography, domestic abuse, fighting, womanhood, endurance","Aamir Khan, Fatima Sana Shaikh, Sanya Malhotra, Zaira Wasim, Suhani Bhatnagar, Aparshakti Khurana, Girish Kulkarni, Sakshi Tanwar",Nitesh Tiwari,/cJRPOLEexI7qp2DKtFfCh7YaaUG.jpg,7.864,1228,5.5876,dangal is an extraordinary true story based on the life of mahavir singh and his two daughters geeta and babita phogat the film traces the inspirational journey of a father who trains his daughters to become world class wrestlers dangal is an extraordinary true story based on the life of mahavir singh and his two daughters geeta and babita phogat the film traces the inspirational journey of a father who trains his daughters to become world class wrestlers dangal is an extraordinary true story based on the life of mahavir singh and his two daughters geeta and babita phogat the film traces the inspirational journey of a father who trains his daughters to become world class wrestlers drama family comedy drama family comedy small town strong woman sports parent child relationship empowerment abusive father feminism wrestling training biography autobiography domestic abuse fighting womanhood endurance small town strong woman sports parent child relationship empowerment abusive father feminism wrestling training biography autobiography domestic abuse fighting womanhood endurance aamir khan fatima sana shaikh sanya malhotra zaira wasim suhani bhatnagar aparshakti khurana girish kulkarni sakshi tanwar nitesh tiwari hi hi
781732,Animal,2023,hi,"Action, Crime, Drama",The hardened son of a powerful industrialist returns home after years abroad and vows to take bloody revenge on those threatening his father's life.,"fistfight, shootout, held at gunpoint, machine gun, hand to hand combat, action hero, father son conflict, complex relationship","Ranbir Kapoor, Rashmika Mandanna, Anil Kapoor, Bobby Deol, Triptii Dimri, Prem Chopra, Suresh Oberoi, Shakti Kapoor",Sandeep Reddy Vanga,/hr9rjR3J0xBBKmlJ4n3gHId9ccx.jpg,6.124,214,5.3686,the hardened son of a powerful industrialist returns home after years abroad and vows to take bloody revenge on those threatening his father s life the hardened son of a powerful industrialist returns home after years abroad and vows to take bloody revenge on those threatening his father s life the hardened son of a powerful industrialist returns home after years abroad and vows to take bloody revenge on those threatening his father s life action crime drama action crime drama fistfight shootout held at gunpoint machine gun hand to hand combat action hero father son conflict complex relationship fistfight shootout held at gunpoint machine gun hand to hand combat action hero father son conflict complex relationship ranbir kapoor rashmika mandanna anil kapoor bobby deol triptii dimri prem chopra suresh oberoi shakti kapoor sandeep reddy vanga hi hi
1446616,Tu Yaa Main,2026,hi,"Thriller, Romance","A wannabe rapper from the outskirts of Mumbai and an affluent influencer elope to a coastal town, only to find themselves trapped in the pool of a derelict resort fighting for survival against the wrath of a ferocious crocodile.","hip-hop, rapper, creature feature, based on movie, content creators, survival thriller, official adaptation","Adarsh Gourav, Shanaya Kapoor, Kshitee Jog, Parul Gulati, Ansh Chopra, Amrutha Srinivasan, Rajat Kaul, Parvathy Thiruvothu",Bejoy Nambiar,/nUPnA0I1MTaZRVCsUQc5DS5JA8W.jpg,6.419,62,5.4145,a wannabe rapper from the outskirts of mumbai and an affluent influencer elope to a coastal town only to find themselves trapped in the pool of a derelict resort fighting for survival against the wrath of a ferocious crocodile a wannabe rapper from the outskirts of mumbai and an affluent influencer elope to a coastal town only to find themselves trapped in the pool of a derelict resort fighting for survival against the wrath of a ferocious crocodile a wannabe rapper from the outskirts of mumbai and an affluent influencer elope to a coastal town only to find themselves trapped in the pool of a derelict resort fighting for survival against the wrath of a ferocious crocodile thriller romance thriller romance hip hop rapper creature feature based on movie content creators survival thriller official adaptation hip hop rapper creature feature based on movie content creators survival thriller official adaptation adarsh gourav shanaya kapoor kshitee jog parul gulati ansh chopra amrutha srinivasan rajat kaul parvathy thiruvothu bejoy nambiar hi hi
1225915,Jewel Thief - The Heist Begins,2025,hi,"Action, Thriller","In this high-octane battle of wits and wills, ingenious con artist Rehan devises a diamond heist while trying to outsmart Rajan, his sadistic adversary.",audacious,"Saif Ali Khan, Jaideep Ahlawat, Nikita Dutta, Kunal Kapoor, Kulbhushan Kharbanda, Gagan Arora, Dorendra Singh Loitongbam, Peter Muxka Manuel",Robby Grewal,/eujLbO0kf1eqWC8XpHUJdtAVW2J.jpg,6.6,96,5.5655,in this high octane battle of wits and wills ingenious con artist rehan devises a diamond heist while trying to outsmart rajan his sadistic adversary in this high octane battle of wits and wills ingenious con artist rehan devises a diamond heist while trying to outsmart rajan his sadistic adversary in this high octane battle of wits and wills ingenious con artist rehan devises a diamond heist while trying to outsmart rajan his sadistic adversary action thriller action thriller audacious audacious saif ali khan jaideep ahlawat nikita dutta kunal kapoor kulbhushan kharbanda gagan arora dorendra singh loitongbam peter muxka manuel robby grewal hi hi
1136736,Lust Stories 2,2023,hi,"Romance, Drama","Four eminent Indian directors explore sex, desire and love through short films in this sequel to 2018's Emmy-nominated 'Lust Stories'.","anthology, love, lust","Neena Gupta, Mrunal Thakur, Tamannaah Bhatia, Kajol, Angad Bedi, Hemant Kher, Tillotama Shome, Amruta Subhash",Konkona Sen Sharma,/p5x729JI6wZs9hCqX7tc7oH87ih.jpg,5.619,63,5.2152,four eminent indian directors explore sex desire and love through short films in this sequel to 2018 s emmy nominated lust stories four eminent indian directors explore sex desire and love through short films in this sequel to 2018 s emmy nominated lust stories four eminent indian directors explore sex desire and love through short films in this sequel to 2018 s emmy nominated lust stories romance drama romance drama anthology love lust anthology love lust neena gupta mrunal thakur tamannaah bhatia kajol angad bedi hemant kher tillotama shome amruta subhash konkona sen sharma hi hi
1109086,War 2,2025,hi,"Action, Thriller, Adventure","Years ago Agent Kabir went rogue, became India’s greatest villain ever.  As he descends further into the deepest shadows... India sends its deadliest, most lethal agent after him, Agent Vikram  A Special Units Officer who is more than Kabir’s equal and a relentless Terminator driven by his own demons, determined to put a bullet into Kabir’s skull.",,"N.T. Rama Rao Jr., Hrithik Roshan, Kiara Advani, Ashutosh Rana, Anil Kapoor, Bobby Deol, K.C. Shankar, Varun Badola",Ayan Mukerji,/2Yc8Kl2ldPpDzLrG2M5Ddv62FXB.jpg,5.98,75,5.3407,years ago agent kabir went rogue became india s greatest villain ever as he descends further into the deepest shadows india sends its deadliest most lethal agent after him agent vikram a special units officer who is more than kabir s equal and a relentless terminator driven by his own demons determined to put a bullet into kabir s skull years ago agent kabir went rogue became india s greatest villain ever as he descends further into the deepest shadows india sends its deadliest most lethal agent after him agent vikram a special units officer who is more than kabir s equal and a relentless terminator driven by his own demons determined to put a bullet into kabir s skull years ago agent kabir went rogue became india s greatest villain ever as he descends further into the deepest shadows india sends its deadliest most lethal agent after him agent vikram a special units officer who is more than kabir s equal and a relentless terminator driven by his own demons determined to put a bullet into kabir s skull action thriller adventure action thriller adventure   n t rama rao jr hrithik roshan kiara advani ashutosh rana anil kapoor bobby deol k c shankar varun badola ayan mukerji hi hi
20364,Hulchul,2004,hi,"Romance, Comedy","A man and woman from feuding families each pretend to fall in love, as part of a revenge plot. Chaos ensues when their fake romance becomes a reality.",remake,"Akshaye Khanna, Kareena Kapoor Khan, Suniel Shetty, Paresh Rawal, Jackie Shroff, Amrish Puri, Arshad Warsi, Arbaaz Khan",Priyadarshan,/ve6YjkjNAbY2r2djFxrw6v9IXfy.jpg,6.6,77,4.5275,a man and woman from feuding families each pretend to fall in love as part of a revenge plot chaos ensues when their fake romance becomes a reality a man and woman from feuding families each pretend to fall in love as part of a revenge plot chaos ensues when their fake romance becomes a reality a man and woman from feuding families each pretend to fall in love as part of a revenge plot chaos ensues when their fake romance becomes a reality romance comedy romance comedy remake remake akshaye khanna kareena kapoor khan suniel shetty paresh rawal jackie shroff amrish puri arshad warsi arbaaz khan priyadarshan hi hi
7508,Like Stars on Earth,2007,hi,Drama,"Ishaan Awasthi is an eight-year-old whose world is filled with wonders that no one else seems to appreciate. Colours, fish, dogs, and kites don't seem important to the adults, who are much more interested in things like homework, marks, and neatness. Ishaan cannot seem to get anything right in class; he is then sent to boarding school, where his life changes forever.","jealousy, parent child relationship, boarding school, painter, father, dyslexia, teacher, little boy, india, childhood, teachers and students, hopeful, melodramatic","Darsheel Safary, Aamir Khan, Tisca Chopra, Vipin Sharma, Tanay Chheda, Sachet Engineer, Girija Oak, Shankar Sachdev",Aamir Khan,/puHRt6Raovm5ujGCdwLWvRv4NHU.jpg,7.991,1420,5.79,ishaan awasthi is an eight year old whose world is filled with wonders that no one else seems to appreciate colours fish dogs and kites don t seem important to the adults who are much more interested in things like homework marks and neatness ishaan cannot seem to get anything right in class he is then sent to boarding school where his life changes forever ishaan awasthi is an eight year old whose world is filled with wonders that no one else seems to appreciate colours fish dogs and kites don t seem important to the adults who are much more interested in things like homework marks and neatness ishaan cannot seem to get anything right in class he is then sent to boarding school where his life changes forever ishaan awasthi is an eight year old whose world is filled with wonders that no one else seems to appreciate colours fish dogs and kites don t seem important to the adults who are much more interested in things like homework marks and neatness ishaan cannot seem to get anything right in class he is then sent to boarding school where his life changes forever drama drama jealousy parent child relationship boarding school painter father dyslexia teacher little boy india childhood teachers and students hopeful melodramatic jealousy parent child relationship boarding school painter father dyslexia teacher little boy india childhood teachers and students hopeful melodramatic darsheel safary aamir khan tisca chopra vipin sharma tanay chheda sachet engineer girija oak shankar sachdev aamir khan hi hi
720557,Tiger 3,2023,hi,"Action, Adventure, Thriller",Spy couple Tiger and Zoya face a ruthless enemy with a personal vendetta.,intense,"Salman Khan, Katrina Kaif, Emraan Hashmi, Simran, Revathi, Sartaaj Kakkar, Kumud Mishra, Anant Vidhaat Sharma",Maneesh Sharma,/7wgED7Yx9VLcNWSO91VgwicHmMD.jpg,5.645,69,5.4886,spy couple tiger and zoya face a ruthless enemy with a personal vendetta spy couple tiger and zoya face a ruthless enemy with a personal vendetta spy couple tiger and zoya face a ruthless enemy with a personal vendetta action adventure thriller action adventure thriller intense intense salman khan katrina kaif emraan hashmi simran revathi sartaaj kakkar kumud mishra anant vidhaat sharma maneesh sharma hi hi
1241634,Saiyaara,2025,hi,"Romance, Drama, Music","Two artistic souls find harmony through music despite their contrasting worlds. As feelings deepen, age and circumstances challenge their undeniable bond.","romantic, romance musical, young adult romance","Ahaan Panday, Aneet Padda, Alam Khan, Rajesh Kumar, Geeta Agrawal Sharma, Anngad Raaj, Varun Badola, Shaad Randhawa",Mohit Suri,/hQBIsi3ZfBYEayMc3GhcEmJVkss.jpg,6.428,153,4.7484,two artistic souls find harmony through music despite their contrasting worlds as feelings deepen age and circumstances challenge their undeniable bond two artistic souls find harmony through music despite their contrasting worlds as feelings deepen age and circumstances challenge their undeniable bond two artistic souls find harmony through music despite their contrasting worlds as feelings deepen age and circumstances challenge their undeniable bond romance drama music romance drama music romantic romance musical young adult romance romantic romance musical young adult romance ahaan panday aneet padda alam khan rajesh kumar geeta agrawal sharma anngad raaj varun badola shaad randhawa mohit suri hi hi
102632,Rowdy Rathore,2012,hi,"Action, Comedy, Crime","A small-time thug comes across a young girl who claims him to be her father, following which he realizes he has a lookalike who's being hunted by goons.","fight, cop, love, remake, thief, revenge, look-alike, goon","Akshay Kumar, Sonakshi Sinha, Nassar, Yashpal Sharma, Mushtaq Khan, Gurdeep Kohli, Paresh Ganatra, Amit Kumar Tiwari",Prabhu Deva,/ytdp64MDSpONpm932nQcMTD95IF.jpg,5.956,125,5.3562,a small time thug comes across a young girl who claims him to be her father following which he realizes he has a lookalike who s being hunted by goons a small time thug comes across a young girl who claims him to be her father following which he realizes he has a lookalike who s being hunted by goons a small time thug comes across a young girl who claims him to be her father following which he realizes he has a lookalike who s being hunted by goons action comedy crime action comedy crime fight cop love remake thief revenge look alike goon fight cop love remake thief revenge look alike goon akshay kumar sonakshi sinha nassar yashpal sharma mushtaq khan gurdeep kohli paresh ganatra amit kumar tiwari prabhu deva hi hi
1163258,12th Fail,2023,hi,Drama,"Based on the true story of IPS officer Manoj Kumar Sharma, 12th Fail sheds limelight on fearlessly embracing the idea of restarting the academic journey despite the setbacks and challenges and reclaiming one's destiny at a place where millions of students attempt the world's toughest competitive exam: UPSC.",awestruck,"Vikrant Massey, Medha Shankr, Anant Joshi, Anshumaan Pushkar, Priyanshu Chatterjee, Geeta Agrawal Sharma, Harish Khanna, Vikas Divyakirti",Vidhu Vinod Chopra,/eebUPRI4Z5e1Z7Hev4JZAwMIFkX.jpg,7.919,277,5.3825,based on the true story of ips officer manoj kumar sharma 12th fail sheds limelight on fearlessly embracing the idea of restarting the academic journey despite the setbacks and challenges and reclaiming one s destiny at a place where millions of students attempt the world s toughest competitive exam upsc based on the true story of ips officer manoj kumar sharma 12th fail sheds limelight on fearlessly embracing the idea of restarting the academic journey despite the setbacks and challenges and reclaiming one s destiny at a place where millions of students attempt the world s toughest competitive exam upsc based on the true story of ips officer manoj kumar sharma 12th fail sheds limelight on fearlessly embracing the idea of restarting the academic journey despite the setbacks and challenges and reclaiming one s destiny at a place where millions of students attempt the world s toughest competitive exam upsc drama drama awestruck awestruck vikrant massey medha shankr anant joshi anshumaan pushkar priyanshu chatterjee geeta agrawal sharma harish khanna vikas divyakirti vidhu vinod chopra hi hi
1389149,Accused,2026,hi,"Thriller, Mystery, Drama","When a celebrated queer doctor in London is accused of sexual misconduct, her life unravels. Now under a storm of suspicion and scrutiny, her marriage fractures and the truth blurs. Her wife must decide whether to walk away, or fight for the woman the world is turning against.",,"Konkona Sen Sharma, Pratibha Ranta, Aditya Nanda, Mashhoor Amrohi, Monica Mahendru, Sukant Goel, Kallirroi Tziafeta, Keshav Bhardwaj",Anubhuti Kashyap,/3FAQTMv64JINU5Pk6mePXQbze4M.jpg,5.7,77,5.0143,when a celebrated queer doctor in london is accused of sexual misconduct her life unravels now under a storm of suspicion and scrutiny her marriage fractures and the truth blurs her wife must decide whether to walk away or fight for the woman the world is turning against when a celebrated queer doctor in london is accused of sexual misconduct her life unravels now under a storm of suspicion and scrutiny her marriage fractures and the truth blurs her wife must decide whether to walk away or fight for the woman the world is turning against when a celebrated queer doctor in london is accused of sexual misconduct her life unravels now under a storm of suspicion and scrutiny her marriage fractures and the truth blurs her wife must decide whether to walk away or fight for the woman the world is turning against thriller mystery drama thriller mystery drama   konkona sen sharma pratibha ranta aditya nanda mashhoor amrohi monica mahendru sukant goel kallirroi tziafeta keshav bhardwaj anubhuti kashyap hi hi
352173,Drishyam,2015,hi,"Mystery, Thriller, Drama, Crime","When his family stares down the barrel of criminal charges, a commoner channels his street smarts and knowledge of action films to tie the long arm of the law into an investigative Gordian knot.","police, blackmail, hidden camera, remake, murder, family, phone, based on movie, false evidence, suspenseful","Ajay Devgn, Tabu, Shriya Saran, Ishita Dutta, Mrunal Jadhav, Rajat Kapoor, Kamlesh Sawant, Rishab Chadha",Nishikant Kamat,/gIClWRv5OSe8rl5Koi0AeUcCZ9Z.jpg,7.524,515,5.9664,when his family stares down the barrel of criminal charges a commoner channels his street smarts and knowledge of action films to tie the long arm of the law into an investigative gordian knot when his family stares down the barrel of criminal charges a commoner channels his street smarts and knowledge of action films to tie the long arm of the law into an investigative gordian knot when his family stares down the barrel of criminal charges a commoner channels his street smarts and knowledge of action films to tie the long arm of the law into an investigative gordian knot mystery thriller drama crime mystery thriller drama crime police blackmail hidden camera remake murder family phone based on movie false evidence suspenseful police blackmail hidden camera remake murder family phone based on movie false evidence suspenseful ajay devgn tabu shriya saran ishita dutta mrunal jadhav rajat kapoor kamlesh sawant rishab chadha nishikant kamat hi hi
14071,Dostana,2008,hi,"Drama, Comedy, Romance","Two straight guys pretend to be a gay couple to secure a posh Miami apartment, but fall for their gorgeous roommate. Hilarity ensues as they strive to convince everyone of the ruse while secretly trying to win her heart.","friendship, miami, florida, womanizer","Abhishek Bachchan, John Abraham, Priyanka Chopra Jonas, Kirron Kher, Boman Irani, Bobby Deol, Shrey Bawa, Sushmita Mukherjee",Tarun Mansukhani,/obwjlgNI2NFZupMuJBbKgH3IhQp.jpg,6.155,174,2.9045,two straight guys pretend to be a gay couple to secure a posh miami apartment but fall for their gorgeous roommate hilarity ensues as they strive to convince everyone of the ruse while secretly trying to win her heart two straight guys pretend to be a gay couple to secure a posh miami apartment but fall for their gorgeous roommate hilarity ensues as they strive to convince everyone of the ruse while secretly trying to win her heart two straight guys pretend to be a gay couple to secure a posh miami apartment but fall for their gorgeous roommate hilarity ensues as they strive to convince everyone of the ruse while secretly trying to win her heart drama comedy romance drama comedy romance friendship miami florida womanizer friendship miami florida womanizer abhishek bachchan john abraham priyanka chopra jonas kirron kher boman irani bobby deol shrey bawa sushmita mukherjee tarun mansukhani hi hi
10757,Kabhi Khushi Kabhie Gham,2001,hi,"Comedy, Drama","Years after his father disowns his adopted brother for marrying a woman of lower social standing, a young man goes on a mission to reunite his family.","london, england, parent child relationship, adoption, delhi, india, forbidden love, reunion, class differences, family conflict, loving","Amitabh Bachchan, Shah Rukh Khan, Hrithik Roshan, Kajol, Jaya Bachchan, Kareena Kapoor Khan, Rani Mukerji, Farida Jalal",Karan Johar,/eJrD94E1msYEa0DygvkvdEKpChm.jpg,7.68,636,5.1187,years after his father disowns his adopted brother for marrying a woman of lower social standing a young man goes on a mission to reunite his family years after his father disowns his adopted brother for marrying a woman of lower social standing a young man goes on a mission to reunite his family years after his father disowns his adopted brother for marrying a woman of lower social standing a young man goes on a mission to reunite his family comedy drama comedy drama london england parent child relationship adoption delhi india forbidden love reunion class differences family conflict loving london england parent child relationship adoption delhi india forbidden love reunion class differences family conflict loving amitabh bachchan shah rukh khan hrithik roshan kajol jaya bachchan kareena kapoor khan rani mukerji farida jalal karan johar hi hi
864692,Pathaan,2023,hi,"Action, Adventure, Thriller","A soldier caught by enemies and presumed dead comes back to complete his mission, accompanied by old companions and foes.","spy, fake death, spy thriller","Shah Rukh Khan, Deepika Padukone, John Abraham, Dimple Kapadia, Ashutosh Rana, Prakash Belawadi, Manish Wadhwa, Akash Bhatija",Siddharth Anand,/arf00BkwvXo0CFKbaD9OpqdE4Nu.jpg,6.371,278,4.4081,a soldier caught by enemies and presumed dead comes back to complete his mission accompanied by old companions and foes a soldier caught by enemies and presumed dead comes back to complete his mission accompanied by old companions and foes a soldier caught by enemies and presumed dead comes back to complete his mission accompanied by old companions and foes action adventure thriller action adventure thriller spy fake death spy thriller spy fake death spy thriller shah rukh khan deepika padukone john abraham dimple kapadia ashutosh rana prakash belawadi manish wadhwa akash bhatija siddharth anand hi hi
117691,Gangs of Wasseypur - Part 1,2012,hi,"Action, Thriller, Crime","In 1970s India, Sardar Khan vows to take revenge on the man who killed his father decades earlier.","mafia, gang, coal mining","Manoj Bajpayee, Richa Chadha, Tigmanshu Dhulia, Nawazuddin Siddiqui, Reema Sen, Huma Qureshi, Piyush Mishra, Jameel Khan",Anurag Kashyap,/4nbvLoPDftqXV14w5Mv14iqgVrt.jpg,7.108,461,3.922,in 1970s india sardar khan vows to take revenge on the man who killed his father decades earlier in 1970s india sardar khan vows to take revenge on the man who killed his father decades earlier in 1970s india sardar khan vows to take revenge on the man who killed his father decades earlier action thriller crime action thriller crime mafia gang coal mining mafia gang coal mining manoj bajpayee richa chadha tigmanshu dhulia nawazuddin siddiqui reema sen huma qureshi piyush mishra jameel khan anurag kashyap hi hi
165402,Main Prem Ki Diwani Hoon,2003,hi,"Romance, Music","Sanjana is a vivacious young woman who lives life on her own terms. She becomes upset when her mother, Susheela, arranges for her to meet a boy as a potential marriage prospect.",,"Hrithik Roshan, Kareena Kapoor Khan, Abhishek Bachchan, Himani Shivpuri, Johny Lever, Pankaj Kapur, Raju Srivastava, Reema Lagoo",Sooraj Barjatya,/1ubxLXZbSXi3MWk8nZRBDEoqfB0.jpg,5.206,63,3.6151,sanjana is a vivacious young woman who lives life on her own terms she becomes upset when her mother susheela arranges for her to meet a boy as a potential marriage prospect sanjana is a vivacious young woman who lives life on her own terms she becomes upset when her mother susheela arranges for her to meet a boy as a potential marriage prospect sanjana is a vivacious young woman who lives life on her own terms she becomes upset when her mother susheela arranges for her to meet a boy as a potential marriage prospect romance music romance music   hrithik roshan kareena kapoor khan abhishek bachchan himani shivpuri johny lever pankaj kapur raju srivastava reema lagoo sooraj barjatya hi hi
784651,Fighter,2024,hi,"Action, Drama","As India faces a militant attack in Kashmir, the country’s best combat aviators join forces under a reckless yet brilliant squadron leader to form 'Air Dragons', faces mortal dangers and their inner demons.","helicopter, airplane, fighter pilot, helicopter pilot, kashmir conflict, behind enemy lines, jet fighter pilot, military, retaliation, armed conflict, kashmir, fighter pilots, india pakistan border, military aviation, military pilots","Hrithik Roshan, Deepika Padukone, Anil Kapoor, Karan Singh Grover, Sanjeeda Sheikh, Akshay Oberoi, Rishabh Sawhney, Ashutosh Rana",Siddharth Anand,/zqFuriKJ6pYDvf72kXNLONnuE8k.jpg,6.119,168,4.0108,as india faces a militant attack in kashmir the country s best combat aviators join forces under a reckless yet brilliant squadron leader to form air dragons faces mortal dangers and their inner demons as india faces a militant attack in kashmir the country s best combat aviators join forces under a reckless yet brilliant squadron leader to form air dragons faces mortal dangers and their inner demons as india faces a militant attack in kashmir the country s best combat aviators join forces under a reckless yet brilliant squadron leader to form air dragons faces mortal dangers and their inner demons action drama action drama helicopter airplane fighter pilot helicopter pilot kashmir conflict behind enemy lines jet fighter pilot military retaliation armed conflict kashmir fighter pilots india pakistan border military aviation military pilots helicopter airplane fighter pilot helicopter pilot kashmir conflict behind enemy lines jet fighter pilot military retaliation armed conflict kashmir fighter pilots india pakistan border military aviation military pilots hrithik roshan deepika padukone anil kapoor karan singh grover sanjeeda sheikh akshay oberoi rishabh sawhney ashutosh rana siddharth anand hi hi
1226572,Superboys of Malegaon,2025,hi,"Comedy, Drama","The residents of Malegaon look to Bollywood cinema for a much-needed escape from daily drudgery. Amateur filmmaker Nasir Shaikh gets inspired to make a film for the people of Malegaon, by the people of Malegaon. He bands together his ragtag group of friends to bring his vision to life, thereby bringing a fresh lease of life into the town.","cinema on cinema, filmmaking","Adarsh Gourav, Shashank Arora, Vineet Kumar Singh, Anuj Singh Duhan, Saqib Ayub, Pallav Singgh, Manjiri Pupala, Muskkaan Jaferi",Reema Kagti,/kLMLaZa0Mu4BqPhA2eYbduFjcD0.jpg,7.591,55,3.9161,the residents of malegaon look to bollywood cinema for a much needed escape from daily drudgery amateur filmmaker nasir shaikh gets inspired to make a film for the people of malegaon by the people of malegaon he bands together his ragtag group of friends to bring his vision to life thereby bringing a fresh lease of life into the town the residents of malegaon look to bollywood cinema for a much needed escape from daily drudgery amateur filmmaker nasir shaikh gets inspired to make a film for the people of malegaon by the people of malegaon he bands together his ragtag group of friends to bring his vision to life thereby bringing a fresh lease of life into the town the residents of malegaon look to bollywood cinema for a much needed escape from daily drudgery amateur filmmaker nasir shaikh gets inspired to make a film for the people of malegaon by the people of malegaon he bands together his ragtag group of friends to bring his vision to life thereby bringing a fresh lease of life into the town comedy drama comedy drama cinema on cinema filmmaking cinema on cinema filmmaking adarsh gourav shashank arora vineet kumar singh anuj singh duhan saqib ayub pallav singgh manjiri pupala muskkaan jaferi reema kagti hi hi
8079,Om Shanti Om,2007,hi,"Comedy, Thriller, Drama","In the early 70s, aspiring actor Om Prakash Makhija, and a famous starlet Shantipriya, are murdered. Thirty years later, his reincarnation Om Kapoor sets out to discover the mystery of their demise.","1970s, musical, secret admirer, confronting the past, witness elimination, 2000s, murder confession, brutal murder, romantic dramedy, double role, film inside film, reincarnated, tribute to bollywood","Shah Rukh Khan, Deepika Padukone, Arjun Rampal, Kirron Kher, Shreyas Talpade, Javed Sheikh, Asawari Joshi, Yuvika Chaudhary",Farah Khan,/oArsQTD4bPPMtRjqr03SO9W6phF.jpg,7.113,426,3.9536,in the early 70s aspiring actor om prakash makhija and a famous starlet shantipriya are murdered thirty years later his reincarnation om kapoor sets out to discover the mystery of their demise in the early 70s aspiring actor om prakash makhija and a famous starlet shantipriya are murdered thirty years later his reincarnation om kapoor sets out to discover the mystery of their demise in the early 70s aspiring actor om prakash makhija and a famous starlet shantipriya are murdered thirty years later his reincarnation om kapoor sets out to discover the mystery of their demise comedy thriller drama comedy thriller drama 1970s musical secret admirer confronting the past witness elimination 2000s murder confession brutal murder romantic dramedy double role film inside film reincarnated tribute to bollywood 1970s musical secret admirer confronting the past witness elimination 2000s murder confession brutal murder romantic dramedy double role film inside film reincarnated tribute to bollywood shah rukh khan deepika padukone arjun rampal kirron kher shreyas talpade javed sheikh asawari joshi yuvika chaudhary farah khan hi hi
1045931,Crew,2024,hi,Comedy,Three ordinary air hostesses from Mumbai embark on a journey to pursue their dreams but find themselves caught up in unexpected misfortunes.,"heist, comedy thriller, cabin crew","Tabu, Kareena Kapoor Khan, Kriti Sanon, Diljit Dosanjh, Rajesh Sharma, Trupti Khamkar, Kapil Sharma, Saswata Chatterjee",Rajesh Krishnan,/8mnCtQngfhYt0W0BmkrCePutmvy.jpg,6.708,84,3.8378,three ordinary air hostesses from mumbai embark on a journey to pursue their dreams but find themselves caught up in unexpected misfortunes three ordinary air hostesses from mumbai embark on a journey to pursue their dreams but find themselves caught up in unexpected misfortunes three ordinary air hostesses from mumbai embark on a journey to pursue their dreams but find themselves caught up in unexpected misfortunes comedy comedy heist comedy thriller cabin crew heist comedy thriller cabin crew tabu kareena kapoor khan kriti sanon diljit dosanjh rajesh sharma trupti khamkar kapil sharma saswata chatterjee rajesh krishnan hi hi
61202,Zindagi Na Milegi Dobara,2011,hi,"Drama, Comedy, Romance","Three friends who were inseparable in childhood decide to go on a three-week-long bachelor road trip to Spain, in order to re-establish their bond and explore thrilling adventures, before one of them gets married. What will they learn of themselves and each other during the adventure?","school friend, friendship, cheating, painter, poet, vacation, travel, scuba diving, misunderstanding, lyricist, childhood friends, road movie, flirting, female domination, scuba diver","Hrithik Roshan, Abhay Deol, Farhan Akhtar, Katrina Kaif, Kalki Koechlin, Naseeruddin Shah, Ariadna Cabrol, Deepti Naval",Zoya Akhtar,/hKO9O715wYxjkQSEv47giCYcyO8.jpg,7.635,440,3.6678,three friends who were inseparable in childhood decide to go on a three week long bachelor road trip to spain in order to re establish their bond and explore thrilling adventures before one of them gets married what will they learn of themselves and each other during the adventure three friends who were inseparable in childhood decide to go on a three week long bachelor road trip to spain in order to re establish their bond and explore thrilling adventures before one of them gets married what will they learn of themselves and each other during the adventure three friends who were inseparable in childhood decide to go on a three week long bachelor road trip to spain in order to re establish their bond and explore thrilling adventures before one of them gets married what will they learn of themselves and each other during the adventure drama comedy romance drama comedy romance school friend friendship cheating painter poet vacation travel scuba diving misunderstanding lyricist childhood friends road movie flirting female domination scuba diver school friend friendship cheating painter poet vacation travel scuba diving misunderstanding lyricist childhood friends road movie flirting female domination scuba diver hrithik roshan abhay deol farhan akhtar katrina kaif kalki koechlin naseeruddin shah ariadna cabrol deepti naval zoya akhtar hi hi
1190511,Sitaare Zameen Par,2025,hi,"Comedy, Drama",A disgraced basketball coach is given the chance to coach a team of players who are intellectually disabled as part of community services. Gulshan has apprehensions at first and feels out of place but soon realizes they just might have what it takes to make it to the national championships.,"basketball, remake, based on movie, intellectual disability, sports drama, sports comedy","Aamir Khan, Genelia D'Souza, Dolly Ahluwalia, Brijendra Kala, Happy Ranajit, Deepraj Rana, Gopi Krishna Varma, Gurpal Singh",R. S. Prasanna,/adYjCJGSNiL7CIaDW3g0Bcg7r2Z.jpg,6.877,57,3.5924,a disgraced basketball coach is given the chance to coach a team of players who are intellectually disabled as part of community services gulshan has apprehensions at first and feels out of place but soon realizes they just might have what it takes to make it to the national championships a disgraced basketball coach is given the chance to coach a team of players who are intellectually disabled as part of community services gulshan has apprehensions at first and feels out of place but soon realizes they just might have what it takes to make it to the national championships a disgraced basketball coach is given the chance to coach a team of players who are intellectually disabled as part of community services gulshan has apprehensions at first and feels out of place but soon realizes they just might have what it takes to make it to the national championships comedy drama comedy drama basketball remake based on movie intellectual disability sports drama sports comedy basketball remake based on movie intellectual disability sports drama sports comedy aamir khan genelia d souza dolly ahluwalia brijendra kala happy ranajit deepraj rana gopi krishna varma gurpal singh r s prasanna hi hi
1029827,Drishyam 2,2022,hi,"Thriller, Drama, Mystery","7 years after the case related to Vijay Salgaonkar and his family was closed, a series of unexpected events bring truth to light that threatens to change everything for the Salgaonkars. Can Vijay save his family this time?","based on movie, suspenseful","Ajay Devgn, Akshaye Khanna, Tabu, Shriya Saran, Ishita Dutta, Mrunal Jadhav, Rajat Kapoor, Saurabh Shukla",Abhishek Pathak,/wk8Vu0DI0MiNLaXXiVqAwjLRKL5.jpg,8.021,118,4.579,7 years after the case related to vijay salgaonkar and his family was closed a series of unexpected events bring truth to light that threatens to change everything for the salgaonkars can vijay save his family this time 7 years after the case related to vijay salgaonkar and his family was closed a series of unexpected events bring truth to light that threatens to change everything for the salgaonkars can vijay save his family this time 7 years after the case related to vijay salgaonkar and his family was closed a series of unexpected events bring truth to light that threatens to change everything for the salgaonkars can vijay save his family this time thriller drama mystery thriller drama mystery based on movie suspenseful based on movie suspenseful ajay devgn akshaye khanna tabu shriya saran ishita dutta mrunal jadhav rajat kapoor saurabh shukla abhishek pathak hi hi
530154,Lust Stories,2018,hi,"Romance, Drama",An anthology of four stories that sheds light on modern relationships from the viewpoint of the Indian woman.,anthology,"Kiara Advani, Radhika Apte, Akash Thosar, Randeep Jha, Bhumi Pednekar, Neil Bhoopalam, Jaideep Ahlawat, Manisha Koirala",Anurag Kashyap,/mP5HehSpCaRGd6ej66jxkhdl60B.jpg,6.255,147,3.6357,an anthology of four stories that sheds light on modern relationships from the viewpoint of the indian woman an anthology of four stories that sheds light on modern relationships from the viewpoint of the indian woman an anthology of four stories that sheds light on modern relationships from the viewpoint of the indian woman romance drama romance drama anthology anthology kiara advani radhika apte akash thosar randeep jha bhumi pednekar neil bhoopalam jaideep ahlawat manisha koirala anurag kashyap hi hi
585268,War,2019,hi,"Action, Thriller, Adventure","Khalid, entrusted with the task of eliminating former soldier turned rogue Kabir, engages in an epic battle with his mentor who taught him everything.","friendship, chase, gun, italy, portugal, spy, traitor, two man army, karate, love, betrayal, shootout, one man army, explosion, india","Hrithik Roshan, Tiger Shroff, Vaani Kapoor, Ashutosh Rana, Anupriya Goenka, Soni Razdan, Yash Raaj Singh, Dishita Sehgal",Siddharth Anand,/yUtaHkL2SDIAZhRApZAyQrAXygn.jpg,6.753,395,4.2514,khalid entrusted with the task of eliminating former soldier turned rogue kabir engages in an epic battle with his mentor who taught him everything khalid entrusted with the task of eliminating former soldier turned rogue kabir engages in an epic battle with his mentor who taught him everything khalid entrusted with the task of eliminating former soldier turned rogue kabir engages in an epic battle with his mentor who taught him everything action thriller adventure action thriller adventure friendship chase gun italy portugal spy traitor two man army karate love betrayal shootout one man army explosion india friendship chase gun italy portugal spy traitor two man army karate love betrayal shootout one man army explosion india hrithik roshan tiger shroff vaani kapoor ashutosh rana anupriya goenka soni razdan yash raaj singh dishita sehgal siddharth anand hi hi
205022,Chennai Express,2013,hi,"Romance, Comedy, Action","Rahul embarks on a journey to a small town in Tamil Nadu to fulfill the last wish of his grandfather: to have his ashes immersed in the Holy water of Rameshwaram. En route, he meets a woman hailing from a unique family down South. As they find love through this journey in the exuberant lands of South India, an unanticipated drive awaits them.","temple, language barrier, romcom, elopement, rameshwaram, domineering father, funeral ceremony, fake couple, train ride, confectionery","Shah Rukh Khan, Deepika Padukone, Nikitin Dheer, Sathyaraj, Mukesh Tiwari, Kamini Kaushal, Lekh Tandon, Rakesh Kukreti",Rohit Shetty,/9j7XfhBJKNfidMCa8JsNbqU1waV.jpg,6.506,409,3.6225,rahul embarks on a journey to a small town in tamil nadu to fulfill the last wish of his grandfather to have his ashes immersed in the holy water of rameshwaram en route he meets a woman hailing from a unique family down south as they find love through this journey in the exuberant lands of south india an unanticipated drive awaits them rahul embarks on a journey to a small town in tamil nadu to fulfill the last wish of his grandfather to have his ashes immersed in the holy water of rameshwaram en route he meets a woman hailing from a unique family down south as they find love through this journey in the exuberant lands of south india an unanticipated drive awaits them rahul embarks on a journey to a small town in tamil nadu to fulfill the last wish of his grandfather to have his ashes immersed in the holy water of rameshwaram en route he meets a woman hailing from a unique family down south as they find love through this journey in the exuberant lands of south india an unanticipated drive awaits them romance comedy action romance comedy action temple language barrier romcom elopement rameshwaram domineering father funeral ceremony fake couple train ride confectionery temple language barrier romcom elopement rameshwaram domineering father funeral ceremony fake couple train ride confectionery shah rukh khan deepika padukone nikitin dheer sathyaraj mukesh tiwari kamini kaushal lekh tandon rakesh kukreti rohit shetty hi hi
191714,The Lunchbox,2013,hi,"Drama, Romance","A mistaken delivery in Mumbai's famously efficient lunchbox delivery system (Mumbai's Dabbawallahs) connects a young housewife to a stranger in the dusk of his life. They build a fantasy world together through notes in the lunchbox. Gradually, this fantasy threatens to overwhelm their reality.","housewife, mumbai (bombay), india, food, tiffin, indian cuisine","Irrfan Khan, Nimrat Kaur, Nawazuddin Siddiqui, Lillete Dubey, Nasir Khan, Bharati Achrekar, Nakul Vaid, Yashvi Punneet Nagar",Ritesh Batra,/jSOiz1h97i3qwjZJXY8SeLvjPsl.jpg,7.395,850,3.8979,a mistaken delivery in mumbai s famously efficient lunchbox delivery system mumbai s dabbawallahs connects a young housewife to a stranger in the dusk of his life they build a fantasy world together through notes in the lunchbox gradually this fantasy threatens to overwhelm their reality a mistaken delivery in mumbai s famously efficient lunchbox delivery system mumbai s dabbawallahs connects a young housewife to a stranger in the dusk of his life they build a fantasy world together through notes in the lunchbox gradually this fantasy threatens to overwhelm their reality a mistaken delivery in mumbai s famously efficient lunchbox delivery system mumbai s dabbawallahs connects a young housewife to a stranger in the dusk of his life they build a fantasy world together through notes in the lunchbox gradually this fantasy threatens to overwhelm their reality drama romance drama romance housewife mumbai bombay india food tiffin indian cuisine housewife mumbai bombay india food tiffin indian cuisine irrfan khan nimrat kaur nawazuddin siddiqui lillete dubey nasir khan bharati achrekar nakul vaid yashvi punneet nagar ritesh batra hi hi
518497,Sir,2018,hi,"Drama, Romance","A prosperous young Indian man falls in love with his servant, a widow with the dream of becoming a fashion designer.",woman director,"Tillotama Shome, Vivek Gomber, Geetanjali Kulkarni, Rahul Vohra, Divya Seth Shah, Chandrchoor Rai, Dilnaz Irani, Bhagyashree Pandit",Rohena Gera,/1xlh1jh9Lxz4OzusFKeljqoRxjL.jpg,7.075,114,3.9093,a prosperous young indian man falls in love with his servant a widow with the dream of becoming a fashion designer a prosperous young indian man falls in love with his servant a widow with the dream of becoming a fashion designer a prosperous young indian man falls in love with his servant a widow with the dream of becoming a fashion designer drama romance drama romance woman director woman director tillotama shome vivek gomber geetanjali kulkarni rahul vohra divya seth shah chandrchoor rai dilnaz irani bhagyashree pandit rohena gera hi hi
370665,Dilwale,2015,hi,"Crime, Action, Comedy",Raj is a Mafia member. One day he meet a girl (Meera) while chasing by his rival gang and falls in love with her. Later he finds out that this girl is the daughter of the leader of his rival gang. Yet their love story continues until he was shot by his girlfriend upon a deep misunderstanding. After that incident these two lovers lives separate until their siblings fallen in love. With this new love story their paths intertwines again.,mafia,"Shah Rukh Khan, Kajol, Varun Dhawan, Kriti Sanon, Boman Irani, Johny Lever, Sanjay Mishra, Kabir Bedi",Rohit Shetty,/pYgPu6hhOr61knwbestTx4vSdMb.jpg,6.559,358,3.287,raj is a mafia member one day he meet a girl meera while chasing by his rival gang and falls in love with her later he finds out that this girl is the daughter of the leader of his rival gang yet their love story continues until he was shot by his girlfriend upon a deep misunderstanding after that incident these two lovers lives separate until their siblings fallen in love with this new love story their paths intertwines again raj is a mafia member one day he meet a girl meera while chasing by his rival gang and falls in love with her later he finds out that this girl is the daughter of the leader of his rival gang yet their love story continues until he was shot by his girlfriend upon a deep misunderstanding after that incident these two lovers lives separate until their siblings fallen in love with this new love story their paths intertwines again raj is a mafia member one day he meet a girl meera while chasing by his rival gang and falls in love with her later he finds out that this girl is the daughter of the leader of his rival gang yet their love story continues until he was shot by his girlfriend upon a deep misunderstanding after that incident these two lovers lives separate until their siblings fallen in love with this new love story their paths intertwines again crime action comedy crime action comedy mafia mafia shah rukh khan kajol varun dhawan kriti sanon boman irani johny lever sanjay mishra kabir bedi rohit shetty hi hi
1257960,Sikandar,2025,hi,"Action, Drama",A tragic accident pushes the powerful Sikandar to protect the less fortunate by standing up to corruption and greed — using any means necessary.,,"Salman Khan, Rashmika Mandanna, Sathyaraj, Sharman Joshi, Prateik Smita Patil, Kajal Aggarwal, Nawab Shah, Kishore",A. R. Murugadoss,/41s42CRXafa3OuRGvCtfYPEBmse.jpg,4.9,69,3.5823,a tragic accident pushes the powerful sikandar to protect the less fortunate by standing up to corruption and greed using any means necessary a tragic accident pushes the powerful sikandar to protect the less fortunate by standing up to corruption and greed using any means necessary a tragic accident pushes the powerful sikandar to protect the less fortunate by standing up to corruption and greed using any means necessary action drama action drama   salman khan rashmika mandanna sathyaraj sharman joshi prateik smita patil kajal aggarwal nawab shah kishore a r murugadoss hi hi
783461,Looop Lapeta,2022,hi,"Action, Comedy, Crime","When her boyfriend loses a mobster's cash, Savi races against the clock to save the day — if only she can break out of a curious cycle of dead ends.","remake, looop lapeta, saade saati","Taapsee Pannu, Tahir Raj Bhasin, Shreya Dhanwanthary, Dibyendu Bhattacharya, Rajendra Chawla, K.C. Shankar, Suresh Triveni, Manik Papneja",Aakash Bhatia,/onGdT8sYi89drvSJyEJnft97rOq.jpg,6.129,70,2.6958,when her boyfriend loses a mobster s cash savi races against the clock to save the day if only she can break out of a curious cycle of dead ends when her boyfriend loses a mobster s cash savi races against the clock to save the day if only she can break out of a curious cycle of dead ends when her boyfriend loses a mobster s cash savi races against the clock to save the day if only she can break out of a curious cycle of dead ends action comedy crime action comedy crime remake looop lapeta saade saati remake looop lapeta saade saati taapsee pannu tahir raj bhasin shreya dhanwanthary dibyendu bhattacharya rajendra chawla k c shankar suresh triveni manik papneja aakash bhatia hi hi
4251,Veer-Zaara,2004,hi,"Drama, Romance","Squadron Leader Veer Pratap Singh, a pilot in the Indian Air Force, rescues the stranded Zaara, a woman from Pakistan, following a bus accident, and their lives are forever bound.","prison, class society, love of one's life, pilot, musical, pakistan, india, kashmir conflict, ambiguous","Shah Rukh Khan, Preity Zinta, Rani Mukerji, Kirron Kher, Divya Dutta, Boman Irani, Anupam Kher, Amitabh Bachchan",Yash Chopra,/j267YqLvKAHeyykTflxzpgVgviQ.jpg,7.489,321,3.1767,squadron leader veer pratap singh a pilot in the indian air force rescues the stranded zaara a woman from pakistan following a bus accident and their lives are forever bound squadron leader veer pratap singh a pilot in the indian air force rescues the stranded zaara a woman from pakistan following a bus accident and their lives are forever bound squadron leader veer pratap singh a pilot in the indian air force rescues the stranded zaara a woman from pakistan following a bus accident and their lives are forever bound drama romance drama romance prison class society love of one s life pilot musical pakistan india kashmir conflict ambiguous prison class society love of one s life pilot musical pakistan india kashmir conflict ambiguous shah rukh khan preity zinta rani mukerji kirron kher divya dutta boman irani anupam kher amitabh bachchan yash chopra hi hi
480,Monsoon Wedding,2001,hi,"Comedy, Drama, Romance","A stressed father, a bride-to-be with a secret, a smitten event planner, and relatives from around the world create much ado about the preparations for an arranged marriage in India.","adultery, child abuse, arranged marriage, delhi, india, family drama, wedding, wedding ceremony, woman director, eccentric family, extended family, wedding rehearsal, wedding arranger, class system, rich vs poor, love story","Naseeruddin Shah, Lillete Dubey, Shefali Shah, Vasundhara Das, Parvin Dabas, Vijay Raaz, Tillotama Shome, Kulbhushan Kharbanda",Mira Nair,/vCwkv7tYFem0tQ9Duoq2MX7T7Zd.jpg,6.808,227,3.5795,a stressed father a bride to be with a secret a smitten event planner and relatives from around the world create much ado about the preparations for an arranged marriage in india a stressed father a bride to be with a secret a smitten event planner and relatives from around the world create much ado about the preparations for an arranged marriage in india a stressed father a bride to be with a secret a smitten event planner and relatives from around the world create much ado about the preparations for an arranged marriage in india comedy drama romance comedy drama romance adultery child abuse arranged marriage delhi india family drama wedding wedding ceremony woman director eccentric family extended family wedding rehearsal wedding arranger class system rich vs poor love story adultery child abuse arranged marriage delhi india family drama wedding wedding ceremony woman director eccentric family extended family wedding rehearsal wedding arranger class system rich vs poor love story naseeruddin shah lillete dubey shefali shah vasundhara das parvin dabas vijay raaz tillotama shome kulbhushan kharbanda mira nair hi hi
554600,Uri: The Surgical Strike,2019,hi,"Action, Drama, War","Following the roguish terrorist attacks at Uri Army Base camp in Kashmir, India takes the fight to the enemy, in its most successful covert operation till date with one and only one objective of avenging their fallen heroes.","army, based on true story, terrorism, india, terrorist attack, indian army","Vicky Kaushal, Paresh Rawal, Yami Gautam Dhar, Mohit Raina, Kirti Kulhari, Dhairya Karwa, Manasi Parekh, Riva Arora",Aditya Dhar,/yNySAgpAnWmPpYinim9E0tUzJWG.jpg,7.052,499,3.1648,following the roguish terrorist attacks at uri army base camp in kashmir india takes the fight to the enemy in its most successful covert operation till date with one and only one objective of avenging their fallen heroes following the roguish terrorist attacks at uri army base camp in kashmir india takes the fight to the enemy in its most successful covert operation till date with one and only one objective of avenging their fallen heroes following the roguish terrorist attacks at uri army base camp in kashmir india takes the fight to the enemy in its most successful covert operation till date with one and only one objective of avenging their fallen heroes action drama war action drama war army based on true story terrorism india terrorist attack indian army army based on true story terrorism india terrorist attack indian army vicky kaushal paresh rawal yami gautam dhar mohit raina kirti kulhari dhairya karwa manasi parekh riva arora aditya dhar hi hi
538858,Tumbbad,2018,hi,"Fantasy, Horror","India, 1918. On the outskirts of Tumbbad, a cursed village where it always rains, Vinayak, along with his mother and his brother, care of a mysterious old woman who keeps the secret of an ancestral treasure that Vinayak gets obsessed with.","husband wife relationship, independence, village, greed, india, evil, wheat, hindu mythology, cursed, father son relationship, suspenseful, horrified","Sohum Shah, Mohammad Samad, Harsh K., Jyoti Malshe, Dhundiraj Prabhakar Jogalekar, Rudra Soni, Madhav Hari Joshi, Piyush Kaushik",Rahi Anil Barve,/vzjZAKozbDplHWcQXbXo0APKxst.jpg,7.624,360,3.4405,india 1918 on the outskirts of tumbbad a cursed village where it always rains vinayak along with his mother and his brother care of a mysterious old woman who keeps the secret of an ancestral treasure that vinayak gets obsessed with india 1918 on the outskirts of tumbbad a cursed village where it always rains vinayak along with his mother and his brother care of a mysterious old woman who keeps the secret of an ancestral treasure that vinayak gets obsessed with india 1918 on the outskirts of tumbbad a cursed village where it always rains vinayak along with his mother and his brother care of a mysterious old woman who keeps the secret of an ancestral treasure that vinayak gets obsessed with fantasy horror fantasy horror husband wife relationship independence village greed india evil wheat hindu mythology cursed father son relationship suspenseful horrified husband wife relationship independence village greed india evil wheat hindu mythology cursed father son relationship suspenseful horrified sohum shah mohammad samad harsh k jyoti malshe dhundiraj prabhakar jogalekar rudra soni madhav hari joshi piyush kaushik rahi anil barve hi hi
1196943,Chhaava,2025,hi,"History, Action, Drama","Shivaji's death sparks the Maratha-Mughal conflict. His son Sambhaji leads resistance against Aurangzeb's forces. Amid battles and intrigue, both sides face challenges in a struggle for power.","biography, historical drama, 17th century, historical epic","Vicky Kaushal, Rashmika Mandanna, Akshaye Khanna, Ashutosh Rana, Divya Dutta, Pradeep Ram Singh Rawat, Vineet Kumar Singh, Neil Bhoopalam",Laxman Utekar,/ubRsrzb6NRW8YhVTJ6jG1kpNvCi.jpg,6.985,65,3.3475,shivaji s death sparks the maratha mughal conflict his son sambhaji leads resistance against aurangzeb s forces amid battles and intrigue both sides face challenges in a struggle for power shivaji s death sparks the maratha mughal conflict his son sambhaji leads resistance against aurangzeb s forces amid battles and intrigue both sides face challenges in a struggle for power shivaji s death sparks the maratha mughal conflict his son sambhaji leads resistance against aurangzeb s forces amid battles and intrigue both sides face challenges in a struggle for power history action drama history action drama biography historical drama 17th century historical epic biography historical drama 17th century historical epic vicky kaushal rashmika mandanna akshaye khanna ashutosh rana divya dutta pradeep ram singh rawat vineet kumar singh neil bhoopalam laxman utekar hi hi
496331,Brahmāstra Part One: Shiva,2022,hi,"Action, Romance, Fantasy","The story of Shiva – a young man on the brink of an epic love, with a girl named Isha. But their world is turned upside down when Shiva learns that he has a mysterious connection to the Brahmāstra... and a great power within him that he doesn’t understand just yet - the power of Fire.","superhero, mythology, astraverse","Ranbir Kapoor, Alia Bhatt, Mouni Roy, Amitabh Bachchan, Nagarjuna Akkineni, Shah Rukh Khan, Dimple Kapadia, Saurav Gurjar",Ayan Mukerji,/x61qdvHIsr9U53FwoLVDQqAGur0.jpg,6.251,209,3.6343,the story of shiva a young man on the brink of an epic love with a girl named isha but their world is turned upside down when shiva learns that he has a mysterious connection to the brahm stra and a great power within him that he doesn t understand just yet the power of fire the story of shiva a young man on the brink of an epic love with a girl named isha but their world is turned upside down when shiva learns that he has a mysterious connection to the brahm stra and a great power within him that he doesn t understand just yet the power of fire the story of shiva a young man on the brink of an epic love with a girl named isha but their world is turned upside down when shiva learns that he has a mysterious connection to the brahm stra and a great power within him that he doesn t understand just yet the power of fire action romance fantasy action romance fantasy superhero mythology astraverse superhero mythology astraverse ranbir kapoor alia bhatt mouni roy amitabh bachchan nagarjuna akkineni shah rukh khan dimple kapadia saurav gurjar ayan mukerji hi hi
11854,Kuch Kuch Hota Hai,1998,hi,"Romance, Drama, Comedy","Per her mother's last wish, an 8 year old girl sets out to reunite her father with his college best friend who was in love with him.","soulmates, friendship bracelet, love, falling in love, unhappiness, childhood friends, adoring, joyful","Shah Rukh Khan, Kajol, Rani Mukerji, Sana Saeed, Farida Jalal, Salman Khan, Johny Lever, Archana Puran Singh",Karan Johar,/5FmtHHDGPofW5Zjns1EM1D8503c.jpg,7.468,450,3.2393,per her mother s last wish an 8 year old girl sets out to reunite her father with his college best friend who was in love with him per her mother s last wish an 8 year old girl sets out to reunite her father with his college best friend who was in love with him per her mother s last wish an 8 year old girl sets out to reunite her father with his college best friend who was in love with him romance drama comedy romance drama comedy soulmates friendship bracelet love falling in love unhappiness childhood friends adoring joyful soulmates friendship bracelet love falling in love unhappiness childhood friends adoring joyful shah rukh khan kajol rani mukerji sana saeed farida jalal salman khan johny lever archana puran singh karan johar hi hi
32740,Krrish,2006,hi,"Action, Science Fiction","In Singapore, Krishna is forced by circumstances to use his superpowers and become a masked superhero named Krrish, before getting drawn towards his lost legacy.",superhero,"Hrithik Roshan, Priyanka Chopra Jonas, Rekha, Naseeruddin Shah, Sharat Saxena, Manini Mishra, Archana Puran Singh, Hemant Pandey",Rakesh Roshan,/Apd4UKesyTmpDutEjNVHP45kvBi.jpg,6.475,305,3.0092,in singapore krishna is forced by circumstances to use his superpowers and become a masked superhero named krrish before getting drawn towards his lost legacy in singapore krishna is forced by circumstances to use his superpowers and become a masked superhero named krrish before getting drawn towards his lost legacy in singapore krishna is forced by circumstances to use his superpowers and become a masked superhero named krrish before getting drawn towards his lost legacy action science fiction action science fiction superhero superhero hrithik roshan priyanka chopra jonas rekha naseeruddin shah sharat saxena manini mishra archana puran singh hemant pandey rakesh roshan hi hi
11518,Mohabbatein,2000,hi,"Drama, Romance","At a prestigious all-male university, three friends seek love outside of the school grounds; at the same time, a newly-hired music teacher seeks to befriend and loosen up the militantly strict headmaster.","becoming an adult, tradition, forbidden love, musical, elite, principal, discipline, school life, teachers and students, loving, apologetic, hopeful","Amitabh Bachchan, Shah Rukh Khan, Uday Chopra, Jugal Hansraj, Jimmy Shergill, Aishwarya Rai Bachchan, Preeti Jhangiani, Shamita Shetty",Aditya Chopra,/dDsYaBazrYKg9bv8qgsEohZQMat.jpg,7.1,308,2.9211,at a prestigious all male university three friends seek love outside of the school grounds at the same time a newly hired music teacher seeks to befriend and loosen up the militantly strict headmaster at a prestigious all male university three friends seek love outside of the school grounds at the same time a newly hired music teacher seeks to befriend and loosen up the militantly strict headmaster at a prestigious all male university three friends seek love outside of the school grounds at the same time a newly hired music teacher seeks to befriend and loosen up the militantly strict headmaster drama romance drama romance becoming an adult tradition forbidden love musical elite principal discipline school life teachers and students loving apologetic hopeful becoming an adult tradition forbidden love musical elite principal discipline school life teachers and students loving apologetic hopeful amitabh bachchan shah rukh khan uday chopra jugal hansraj jimmy shergill aishwarya rai bachchan preeti jhangiani shamita shetty aditya chopra hi hi
1196364,Thamma,2025,hi,"Horror, Comedy","Two destined lovers battle supernatural forces, family ties, and nature itself to defend their forbidden romance in a mystical world where ancient powers and prophecies threaten to keep them apart.",maddock horror comedy universe (mhcu),"Ayushmann Khurrana, Rashmika Mandanna, Nawazuddin Siddiqui, Paresh Rawal, Geeta Agrawal Sharma, Faisal Malik, Alexx O'Nell, Rachit Singh",Aditya Sarpotdar,/udkbDwBbysCGEydt0FHnl9dVO2k.jpg,6.535,57,3.212,two destined lovers battle supernatural forces family ties and nature itself to defend their forbidden romance in a mystical world where ancient powers and prophecies threaten to keep them apart two destined lovers battle supernatural forces family ties and nature itself to defend their forbidden romance in a mystical world where ancient powers and prophecies threaten to keep them apart two destined lovers battle supernatural forces family ties and nature itself to defend their forbidden romance in a mystical world where ancient powers and prophecies threaten to keep them apart horror comedy horror comedy maddock horror comedy universe mhcu maddock horror comedy universe mhcu ayushmann khurrana rashmika mandanna nawazuddin siddiqui paresh rawal geeta agrawal sharma faisal malik alexx o nell rachit singh aditya sarpotdar hi hi
41517,Ra.One,2011,hi,"Adventure, Action, Science Fiction","When the titular antagonist of an action game takes on physical form, it's up to the game's less powerful protagonist to save the world.","video game, superhero, villain, robot, based on video game, science fiction, playstation, action, adventure, based on game","Shah Rukh Khan, Arjun Rampal, Kareena Kapoor Khan, Armaan Verma, Tom Wu, Shahana Goswami, Dalip Tahil, Satish Shah",Anubhav Sinha,/qwC3rbgCI0frJpRxVm74Ak3ktpU.jpg,5.753,407,3.1334,when the titular antagonist of an action game takes on physical form it s up to the game s less powerful protagonist to save the world when the titular antagonist of an action game takes on physical form it s up to the game s less powerful protagonist to save the world when the titular antagonist of an action game takes on physical form it s up to the game s less powerful protagonist to save the world adventure action science fiction adventure action science fiction video game superhero villain robot based on video game science fiction playstation action adventure based on game video game superhero villain robot based on video game science fiction playstation action adventure based on game shah rukh khan arjun rampal kareena kapoor khan armaan verma tom wu shahana goswami dalip tahil satish shah anubhav sinha hi hi
348892,Bajrangi Bhaijaan,2015,hi,"Comedy, Drama, Adventure",A young mute girl from Pakistan loses herself in India with no way to head back. A devoted man with a magnanimous spirit undertakes the task to get her back to her motherland and unite her with her family.,"religion, journey, lost child","Salman Khan, Harshaali Malthotra, Nawazuddin Siddiqui, Kareena Kapoor Khan, Sharat Saxena, Om Puri, Rajesh Sharma, Meher Vij",Kabir Khan,/vhlliI7HZZlWfo5d6CiyfBAGLrW.jpg,7.806,581,4.025,a young mute girl from pakistan loses herself in india with no way to head back a devoted man with a magnanimous spirit undertakes the task to get her back to her motherland and unite her with her family a young mute girl from pakistan loses herself in india with no way to head back a devoted man with a magnanimous spirit undertakes the task to get her back to her motherland and unite her with her family a young mute girl from pakistan loses herself in india with no way to head back a devoted man with a magnanimous spirit undertakes the task to get her back to her motherland and unite her with her family comedy drama adventure comedy drama adventure religion journey lost child religion journey lost child salman khan harshaali malthotra nawazuddin siddiqui kareena kapoor khan sharat saxena om puri rajesh sharma meher vij kabir khan hi hi
534780,Andhadhun,2018,hi,"Crime, Mystery, Thriller, Comedy",A series of mysterious events changes the life of a blind pianist who now must report a crime that was actually never witnessed by him.,"witness, pianist, blind man, piano, excited","Ayushmann Khurrana, Tabu, Radhika Apte, Manav Vij, Zakir Hussain, Anil Dhawan, Ashwini Kalsekar, Rashmi Agdekar",Sriram Raghavan,/dy3K6hNvwE05siGgiLJcEiwgpdO.jpg,7.594,657,3.3424,a series of mysterious events changes the life of a blind pianist who now must report a crime that was actually never witnessed by him a series of mysterious events changes the life of a blind pianist who now must report a crime that was actually never witnessed by him a series of mysterious events changes the life of a blind pianist who now must report a crime that was actually never witnessed by him crime mystery thriller comedy crime mystery thriller comedy witness pianist blind man piano excited witness pianist blind man piano excited ayushmann khurrana tabu radhika apte manav vij zakir hussain anil dhawan ashwini kalsekar rashmi agdekar sriram raghavan hi hi
1148172,Do Patti,2024,hi,"Thriller, Drama",A puzzling investigation leads a no-nonsense cop down a dark path involving the vicious rivalry between twin sisters and the volatile man they both love.,"twins, thriller","Kriti Sanon, Kajol, Shaheer Sheikh, Tanvi Azmi, Brijendra Kala, Prachee Shah, Vivek Mushran, Rohit Tiwari",Shashanka Chaturvedi,/wbXSE68cDwqUPsHJcpdu7I5kSLK.jpg,6.757,68,2.9567,a puzzling investigation leads a no nonsense cop down a dark path involving the vicious rivalry between twin sisters and the volatile man they both love a puzzling investigation leads a no nonsense cop down a dark path involving the vicious rivalry between twin sisters and the volatile man they both love a puzzling investigation leads a no nonsense cop down a dark path involving the vicious rivalry between twin sisters and the volatile man they both love thriller drama thriller drama twins thriller twins thriller kriti sanon kajol shaheer sheikh tanvi azmi brijendra kala prachee shah vivek mushran rohit tiwari shashanka chaturvedi hi hi
14546,Golmaal Returns,2008,hi,Comedy,"Stuck all night on a yacht with a damsel in distress, Gopal lies to his soap opera junkie wife to avoid drama. This sets off a chain of chaotic events that ultimately land him smack dab in the middle of a police case.",stupidity,"Ajay Devgn, Arshad Warsi, Shreyas Talpade, Tusshar Kapoor, Kareena Kapoor Khan, Amrita Arora, Celina Jaitly, Anjana Sukhani",Rohit Shetty,/2X6ZSlnBpgsOpH0ELDraWTD4QO7.jpg,5.43,136,3.4857,stuck all night on a yacht with a damsel in distress gopal lies to his soap opera junkie wife to avoid drama this sets off a chain of chaotic events that ultimately land him smack dab in the middle of a police case stuck all night on a yacht with a damsel in distress gopal lies to his soap opera junkie wife to avoid drama this sets off a chain of chaotic events that ultimately land him smack dab in the middle of a police case stuck all night on a yacht with a damsel in distress gopal lies to his soap opera junkie wife to avoid drama this sets off a chain of chaotic events that ultimately land him smack dab in the middle of a police case comedy comedy stupidity stupidity ajay devgn arshad warsi shreyas talpade tusshar kapoor kareena kapoor khan amrita arora celina jaitly anjana sukhani rohit shetty hi hi
22448,Awarapan,2007,hi,"Action, Drama, Crime","A loyal henchman is ordered by his boss to keep an eye on his mistress, and trouble begins when he refuses to kill her.","gangster, redemption, atheist, remake, unrequited love","Emraan Hashmi, Shriya Saran, Mrinalini Sharma, Salil Acharya, Purab Kohli, Ashish Vidhyarthi, Ashutosh Rana, Rehan Khan",Mohit Suri,/cXE5iWUbh7RMaz3BULTYsacaPrg.jpg,6.936,55,3.766,a loyal henchman is ordered by his boss to keep an eye on his mistress and trouble begins when he refuses to kill her a loyal henchman is ordered by his boss to keep an eye on his mistress and trouble begins when he refuses to kill her a loyal henchman is ordered by his boss to keep an eye on his mistress and trouble begins when he refuses to kill her action drama crime action drama crime gangster redemption atheist remake unrequited love gangster redemption atheist remake unrequited love emraan hashmi shriya saran mrinalini sharma salil acharya purab kohli ashish vidhyarthi ashutosh rana rehan khan mohit suri hi hi
413543,Dear Zindagi,2016,hi,"Drama, Romance","Kaira, a young girl, faces problems in her relationships. She meets Dr Jehangir, who helps her resolve her issues with her parents and get a new perspective on life, which leads to her following her passion and an improvement in her love life.","depression, cinematographer, coming of age, psychologist","Alia Bhatt, Shah Rukh Khan, Kunal Kapoor, Ali Zafar, Aditya Roy Kapur, Angad Bedi, Salone Mehta, Yashwant Singh",Gauri Shinde,/oUg0N2isgZ5rrxdXnsemcKolfKZ.jpg,7.021,268,2.9427,kaira a young girl faces problems in her relationships she meets dr jehangir who helps her resolve her issues with her parents and get a new perspective on life which leads to her following her passion and an improvement in her love life kaira a young girl faces problems in her relationships she meets dr jehangir who helps her resolve her issues with her parents and get a new perspective on life which leads to her following her passion and an improvement in her love life kaira a young girl faces problems in her relationships she meets dr jehangir who helps her resolve her issues with her parents and get a new perspective on life which leads to her following her passion and an improvement in her love life drama romance drama romance depression cinematographer coming of age psychologist depression cinematographer coming of age psychologist alia bhatt shah rukh khan kunal kapoor ali zafar aditya roy kapur angad bedi salone mehta yashwant singh gauri shinde hi hi
1515729,Blast,2026,ta,"Action, Thriller",A seemingly ordinary family must unleash their hidden martial arts skills when they clash with a ruthless criminal gang tied to corruption and violence.,"martial arts, karate, home invasion, intense, amused, bollywood","Arjun Sarja, Abhirami, Preity Mukhundhan, Vivek Prasanna, John Kokken, Arjun Chidambaram, Pawan, Dhileban",Subash K Raj,/lpsUpXieodUhN6DlK9ZDnjkysLk.jpg,7.838,71,9.7956,a seemingly ordinary family must unleash their hidden martial arts skills when they clash with a ruthless criminal gang tied to corruption and violence a seemingly ordinary family must unleash their hidden martial arts skills when they clash with a ruthless criminal gang tied to corruption and violence a seemingly ordinary family must unleash their hidden martial arts skills when they clash with a ruthless criminal gang tied to corruption and violence action thriller action thriller martial arts karate home invasion intense amused bollywood martial arts karate home invasion intense amused bollywood arjun sarja abhirami preity mukhundhan vivek prasanna john kokken arjun chidambaram pawan dhileban subash k raj ta ta
1118224,Maharaja,2024,ta,"Action, Thriller, Mystery","A barber seeks vengeance after his home is burglarized, cryptically telling police his ""Lakshmi"" has been taken, leaving them uncertain if it's a person or object, jeer at his request until they learn what they're really looking for.","grim, non linear, drama, action, crime, exhilarated, 因果报应","Vijay Sethupathi, Anurag Kashyap, Sachana Namidass, Natarajan Subramaniam, Abhirami, Mamta Mohandas, Aruldoss, Munishkanth",Nithilan Saminathan,/s0m4TM1XRAftQStgKpw024RvkJo.jpg,7.728,259,4.1903,a barber seeks vengeance after his home is burglarized cryptically telling police his lakshmi has been taken leaving them uncertain if it s a person or object jeer at his request until they learn what they re really looking for a barber seeks vengeance after his home is burglarized cryptically telling police his lakshmi has been taken leaving them uncertain if it s a person or object jeer at his request until they learn what they re really looking for a barber seeks vengeance after his home is burglarized cryptically telling police his lakshmi has been taken leaving them uncertain if it s a person or object jeer at his request until they learn what they re really looking for action thriller mystery action thriller mystery grim non linear drama action crime exhilarated grim non linear drama action crime exhilarated vijay sethupathi anurag kashyap sachana namidass natarajan subramaniam abhirami mamta mohandas aruldoss munishkanth nithilan saminathan ta ta
1153399,Coolie,2025,ta,"Action, Thriller, Crime","Deva, once living a quiet life, is shaken when his close friend dies under suspicious circumstances. Determined to uncover the truth, he infiltrates a powerful gang operating in the shadows. As he investigates, Deva becomes entangled in a dangerous web of crime, betrayal, and secrets from his own past, forcing him to confront powerful enemies while protecting the ones he loves.","criminal underworld, hidden past","Rajinikanth, Nagarjuna Akkineni, Soubin Shahir, Upendra, Shruti Haasan, Sathyaraj, Aamir Khan, Rachita Ram",Lokesh Kanagaraj,/kr36awqmziEI5mfUElsHB0pj9zP.jpg,6.107,98,4.2814,deva once living a quiet life is shaken when his close friend dies under suspicious circumstances determined to uncover the truth he infiltrates a powerful gang operating in the shadows as he investigates deva becomes entangled in a dangerous web of crime betrayal and secrets from his own past forcing him to confront powerful enemies while protecting the ones he loves deva once living a quiet life is shaken when his close friend dies under suspicious circumstances determined to uncover the truth he infiltrates a powerful gang operating in the shadows as he investigates deva becomes entangled in a dangerous web of crime betrayal and secrets from his own past forcing him to confront powerful enemies while protecting the ones he loves deva once living a quiet life is shaken when his close friend dies under suspicious circumstances determined to uncover the truth he infiltrates a powerful gang operating in the shadows as he investigates deva becomes entangled in a dangerous web of crime betrayal and secrets from his own past forcing him to confront powerful enemies while protecting the ones he loves action thriller crime action thriller crime criminal underworld hidden past criminal underworld hidden past rajinikanth nagarjuna akkineni soubin shahir upendra shruti haasan sathyaraj aamir khan rachita ram lokesh kanagaraj ta ta
949229,Leo,2023,ta,"Action, Crime, Thriller","Parthiban, a cafe owner, lives with his family in Himachal Pradesh. Things take an absurd turn for him when he gets in the way of a drug cartel.","leo, vijay beast, exhilarated, lcu, thalapathy vijay, vijay leo, lokesh cinematic universe (lcu)","Vijay, Sanjay Dutt, Arjun Sarja, Trisha Krishnan, Madonna Sebastian, Gautham Vasudev Menon, Baby Iyal, Mathew Thomas",Lokesh Kanagaraj,/2XUHC4lp3tDsgfFLFygNZ2x2Um9.jpg,6.874,151,3.7263,parthiban a cafe owner lives with his family in himachal pradesh things take an absurd turn for him when he gets in the way of a drug cartel parthiban a cafe owner lives with his family in himachal pradesh things take an absurd turn for him when he gets in the way of a drug cartel parthiban a cafe owner lives with his family in himachal pradesh things take an absurd turn for him when he gets in the way of a drug cartel action crime thriller action crime thriller leo vijay beast exhilarated lcu thalapathy vijay vijay leo lokesh cinematic universe lcu leo vijay beast exhilarated lcu thalapathy vijay vijay leo lokesh cinematic universe lcu vijay sanjay dutt arjun sarja trisha krishnan madonna sebastian gautham vasudev menon baby iyal mathew thomas lokesh kanagaraj ta ta
937020,Jailer,2023,ta,"Action, Crime, Thriller, Comedy, Adventure","Muthuvel Pandian, a retired, stern yet compassionate jailer lives a peaceful life with his family, but trouble knocks his door when his cop son’s tryst with an antique mafia gang goes awry and forces Muthu to step back into a dark world he had voluntarily took a break from.","idol theft, retired cop","Rajinikanth, Vinayakan, Vasanth Ravi, Yogi Babu, Ramya Krishnan, Mirnaa, Rithvik, G. Marimuthu",Nelson Dilipkumar,/pTmMxAHqX4vsIDE6HPPxOR0Q6TN.jpg,6.523,129,3.8766,muthuvel pandian a retired stern yet compassionate jailer lives a peaceful life with his family but trouble knocks his door when his cop son s tryst with an antique mafia gang goes awry and forces muthu to step back into a dark world he had voluntarily took a break from muthuvel pandian a retired stern yet compassionate jailer lives a peaceful life with his family but trouble knocks his door when his cop son s tryst with an antique mafia gang goes awry and forces muthu to step back into a dark world he had voluntarily took a break from muthuvel pandian a retired stern yet compassionate jailer lives a peaceful life with his family but trouble knocks his door when his cop son s tryst with an antique mafia gang goes awry and forces muthu to step back into a dark world he had voluntarily took a break from action crime thriller comedy adventure action crime thriller comedy adventure idol theft retired cop idol theft retired cop rajinikanth vinayakan vasanth ravi yogi babu ramya krishnan mirnaa rithvik g marimuthu nelson dilipkumar ta ta
743563,Vikram,2022,ta,"Action, Crime, Thriller","Amar is assigned to investigate a case of serial killings. When Amar investigates the case, he realizes it is not what it seems to be and following down this path will lead to nothing but war between everyone involved.","entertainer, shootout, investigator, action hero, action thriller, crime organization, lokesh cinematic universe (lcu)","Kamal Haasan, Fahadh Faasil, Vijay Sethupathi, Narain, Chemban Vinod Jose, Santhana Bharathi, Elango Kumaravel, Vasanthi Guru",Lokesh Kanagaraj,/774UV1aCURb4s4JfEFg3IEMu5Zj.jpg,7.627,189,3.6385,amar is assigned to investigate a case of serial killings when amar investigates the case he realizes it is not what it seems to be and following down this path will lead to nothing but war between everyone involved amar is assigned to investigate a case of serial killings when amar investigates the case he realizes it is not what it seems to be and following down this path will lead to nothing but war between everyone involved amar is assigned to investigate a case of serial killings when amar investigates the case he realizes it is not what it seems to be and following down this path will lead to nothing but war between everyone involved action crime thriller action crime thriller entertainer shootout investigator action hero action thriller crime organization lokesh cinematic universe lcu entertainer shootout investigator action hero action thriller crime organization lokesh cinematic universe lcu kamal haasan fahadh faasil vijay sethupathi narain chemban vinod jose santhana bharathi elango kumaravel vasanthi guru lokesh kanagaraj ta ta
148284,Enthiran,2010,ta,"Action, Science Fiction, Adventure","Dr. Vaseegaran creates Chitti, a powerful robot in his own image, but it is rejected by the scientific body AIRD due to its lack of human behaviour and emotions. After a lightning strike triggers emotions in Chitti, he begins to develop human-like feelings. However, Chitti falls in love with Dr. Vaseegaran's fiancée, Sana, and turns against his creator, leading to dangerous consequences.","android, artificial intelligence (a.i.), love triangle, killer robot, robot, scientist, dual role, humanoid robot, human android relationship, 2030s","Rajinikanth, Aishwarya Rai Bachchan, Danny Denzongpa, Santhanam, Karunas, Devadarshini, Sabu Cyril, Kalabhavan Mani",Shankar,/hai6CSCLxULO1RThjDP3lWAqOtQ.jpg,6.602,269,3.4201,dr vaseegaran creates chitti a powerful robot in his own image but it is rejected by the scientific body aird due to its lack of human behaviour and emotions after a lightning strike triggers emotions in chitti he begins to develop human like feelings however chitti falls in love with dr vaseegaran s fianc e sana and turns against his creator leading to dangerous consequences dr vaseegaran creates chitti a powerful robot in his own image but it is rejected by the scientific body aird due to its lack of human behaviour and emotions after a lightning strike triggers emotions in chitti he begins to develop human like feelings however chitti falls in love with dr vaseegaran s fianc e sana and turns against his creator leading to dangerous consequences dr vaseegaran creates chitti a powerful robot in his own image but it is rejected by the scientific body aird due to its lack of human behaviour and emotions after a lightning strike triggers emotions in chitti he begins to develop human like feelings however chitti falls in love with dr vaseegaran s fianc e sana and turns against his creator leading to dangerous consequences action science fiction adventure action science fiction adventure android artificial intelligence a i love triangle killer robot robot scientist dual role humanoid robot human android relationship 2030s android artificial intelligence a i love triangle killer robot robot scientist dual role humanoid robot human android relationship 2030s rajinikanth aishwarya rai bachchan danny denzongpa santhanam karunas devadarshini sabu cyril kalabhavan mani shankar ta ta
1273049,Dragon,2025,ta,"Comedy, Romance, Drama","Raghavan transforms from a school topper into a “bad boy” to score girls in college, but ends up a heartbroken dropout. He then cons his way into a successful finance career, but the lies keep building and maintaining the facade proves tricky.","relationship, madcap comedy, college life","Pradeep Ranganathan, Anupama Parameswaran, Kayadu Lohar, Mysskin, Gautham Vasudev Menon, K. S. Ravikumar, George Mariyan, Indumathi Manikandan",Ashwath Marimuthu,/vKNJPuejtE6Xrp6RK6LKsQcbL8L.jpg,7.324,54,3.4481,raghavan transforms from a school topper into a bad boy to score girls in college but ends up a heartbroken dropout he then cons his way into a successful finance career but the lies keep building and maintaining the facade proves tricky raghavan transforms from a school topper into a bad boy to score girls in college but ends up a heartbroken dropout he then cons his way into a successful finance career but the lies keep building and maintaining the facade proves tricky raghavan transforms from a school topper into a bad boy to score girls in college but ends up a heartbroken dropout he then cons his way into a successful finance career but the lies keep building and maintaining the facade proves tricky comedy romance drama comedy romance drama relationship madcap comedy college life relationship madcap comedy college life pradeep ranganathan anupama parameswaran kayadu lohar mysskin gautham vasudev menon k s ravikumar george mariyan indumathi manikandan ashwath marimuthu ta ta
432011,Super Deluxe,2019,ta,"Comedy, Thriller, Drama, Crime","An unfaithful newly-wed wife, an estranged parent, a priest and an angry son suddenly find themselves in the most unexpected predicaments, each poised to experience their destiny, all on one fateful day.","dark comedy, hyperlink cinema","Vijay Sethupathi, Fahadh Faasil, Samantha Ruth Prabhu, Ramya Krishnan, Mysskin, Gayathrie Shankar, Bagavathi Perumal, Ashwanth Ashokkumar",Thiagarajan Kumararaja,/rTsYDdFWyw87CTk4YgJO6nYmVcJ.jpg,7.691,144,3.0114,an unfaithful newly wed wife an estranged parent a priest and an angry son suddenly find themselves in the most unexpected predicaments each poised to experience their destiny all on one fateful day an unfaithful newly wed wife an estranged parent a priest and an angry son suddenly find themselves in the most unexpected predicaments each poised to experience their destiny all on one fateful day an unfaithful newly wed wife an estranged parent a priest and an angry son suddenly find themselves in the most unexpected predicaments each poised to experience their destiny all on one fateful day comedy thriller drama crime comedy thriller drama crime dark comedy hyperlink cinema dark comedy hyperlink cinema vijay sethupathi fahadh faasil samantha ruth prabhu ramya krishnan mysskin gayathrie shankar bagavathi perumal ashwanth ashokkumar thiagarajan kumararaja ta ta
626392,Master,2021,ta,"Action, Thriller, Crime","An alcoholic professor is sent to a juvenile school, where he clashes with a gangster, who uses the children of the school for criminal activities.",alcoholic teacher,"Vijay, Vijay Sethupathi, Arjun Das, Malavika Mohanan, Andrea Jeremiah, Nassar, Shanthanu Bhagyaraj, Mahendran",Lokesh Kanagaraj,/wjbOlovDadOdPKkSAMohLCjbIsc.jpg,6.609,137,2.6823,an alcoholic professor is sent to a juvenile school where he clashes with a gangster who uses the children of the school for criminal activities an alcoholic professor is sent to a juvenile school where he clashes with a gangster who uses the children of the school for criminal activities an alcoholic professor is sent to a juvenile school where he clashes with a gangster who uses the children of the school for criminal activities action thriller crime action thriller crime alcoholic teacher alcoholic teacher vijay vijay sethupathi arjun das malavika mohanan andrea jeremiah nassar shanthanu bhagyaraj mahendran lokesh kanagaraj ta ta
587030,Kaithi,2019,ta,"Action, Thriller, Crime","Dilli, a convicted criminal, is out on parole to meet his daughter. However, a drug bust sets him off on a mission to save the life of police officers.","prisoner, police officer, one night, lokesh cinematic universe (lcu)","Karthi, Narain, Arjun Das, Harish Uthaman, George Mariyan, KPY Dheena, Monekha Siva, Ramana",Lokesh Kanagaraj,/hOF9CgPsy9aLr5GJEBESC8MEXFy.jpg,7.612,170,3.8509,dilli a convicted criminal is out on parole to meet his daughter however a drug bust sets him off on a mission to save the life of police officers dilli a convicted criminal is out on parole to meet his daughter however a drug bust sets him off on a mission to save the life of police officers dilli a convicted criminal is out on parole to meet his daughter however a drug bust sets him off on a mission to save the life of police officers action thriller crime action thriller crime prisoner police officer one night lokesh cinematic universe lcu prisoner police officer one night lokesh cinematic universe lcu karthi narain arjun das harish uthaman george mariyan kpy dheena monekha siva ramana lokesh kanagaraj ta ta
927342,Amaran,2024,ta,"Action, Drama, Adventure, War","A heroic true story of Major Mukund Varadarajan, an Indian Army officer who displayed extraordinary bravery during a counterterrorism mission in Kashmir’s Shopian district. The film captures his courage in protecting his nation and the devotion of his wife Indhu Rebecaa Varghese.","based on novel or book, affectation, based on true story, martyr, indian army, counterterrorism, loving, 2010s, indian history, admiring, hopeful, based on real person, ashoka chakra, indian military","Sivakarthikeyan, Sai Pallavi, Rahul Bose, Bhuvan Arora, Lallu Prasath, Anbu Thasan, Shreekumar, Shyamaprasad",Rajkumar Periasamy,/eCB06m1KUGilEOlIzb40nkQhVY0.jpg,7.393,267,3.1952,a heroic true story of major mukund varadarajan an indian army officer who displayed extraordinary bravery during a counterterrorism mission in kashmir s shopian district the film captures his courage in protecting his nation and the devotion of his wife indhu rebecaa varghese a heroic true story of major mukund varadarajan an indian army officer who displayed extraordinary bravery during a counterterrorism mission in kashmir s shopian district the film captures his courage in protecting his nation and the devotion of his wife indhu rebecaa varghese a heroic true story of major mukund varadarajan an indian army officer who displayed extraordinary bravery during a counterterrorism mission in kashmir s shopian district the film captures his courage in protecting his nation and the devotion of his wife indhu rebecaa varghese action drama adventure war action drama adventure war based on novel or book affectation based on true story martyr indian army counterterrorism loving 2010s indian history admiring hopeful based on real person ashoka chakra indian military based on novel or book affectation based on true story martyr indian army counterterrorism loving 2010s indian history admiring hopeful based on real person ashoka chakra indian military sivakarthikeyan sai pallavi rahul bose bhuvan arora lallu prasath anbu thasan shreekumar shyamaprasad rajkumar periasamy ta ta
835017,Varisu,2023,ta,"Action, Adventure","Vijay, The prodigal son of business tycoon Rajendran agrees to take over the reins of the business, much to the chagrin of his brothers. But can Vijay prove himself to be a worthy varisu and also reunite his now-broken family?",,"Vijay, R. Sarathkumar, Jayasudha, Srikanth, Shaam, Prakash Raj, Rashmika Mandanna, Sangeetha Krish",Vamshi Paidipally,/iMUIsV6u0pPqfv1j8tGxbJw40sw.jpg,5.007,68,2.8447,vijay the prodigal son of business tycoon rajendran agrees to take over the reins of the business much to the chagrin of his brothers but can vijay prove himself to be a worthy varisu and also reunite his now broken family vijay the prodigal son of business tycoon rajendran agrees to take over the reins of the business much to the chagrin of his brothers but can vijay prove himself to be a worthy varisu and also reunite his now broken family vijay the prodigal son of business tycoon rajendran agrees to take over the reins of the business much to the chagrin of his brothers but can vijay prove himself to be a worthy varisu and also reunite his now broken family action adventure action adventure   vijay r sarathkumar jayasudha srikanth shaam prakash raj rashmika mandanna sangeetha krish vamshi paidipally ta ta
280165,Thani Oruvan,2015,ta,"Thriller, Action",An idealistic cop and an ambitious scientist-businessman indulge in a high-stake battle of wits.,"police hunt, archvillain","Ravi Mohan, Arvind Swamy, Nayanthara, Vamsi Krishna, Ganesh Venkatraman, Nassar, Thambi Ramaiah, Harish Uthaman",Mohan Raja,/90ZpZw1qZlt0RUVByJATFVUEeEm.jpg,7.444,107,2.5983,an idealistic cop and an ambitious scientist businessman indulge in a high stake battle of wits an idealistic cop and an ambitious scientist businessman indulge in a high stake battle of wits an idealistic cop and an ambitious scientist businessman indulge in a high stake battle of wits thriller action thriller action police hunt archvillain police hunt archvillain ravi mohan arvind swamy nayanthara vamsi krishna ganesh venkatraman nassar thambi ramaiah harish uthaman mohan raja ta ta
660046,Ponniyin Selvan: Part I,2022,ta,"Action, Adventure, History","The Chola kingdom is under threat from forces both internal and external, and with crown prince Aaditha Karikalan, his younger brother Arunmozhi Varman and the emperor, Sundara Cholar separated by situations, it is up to a messenger to ensure the safety of the kingdom. Can he succeed in his mission, especially with Karikalan's former girlfriend, Nandhini, plotting to bring down the entire Chola empire?","based on novel or book, heir to the throne, historical fiction, journey, history of india, 10th century, indian empire","Vikram, Aishwarya Rai Bachchan, Ravi Mohan, Karthi, Trisha Krishnan, Jayaram, Prakash Raj, R. Sarathkumar",Mani Ratnam,/zSNyZUeqDdii0doQ9970E90kCkb.jpg,7.125,100,2.8257,the chola kingdom is under threat from forces both internal and external and with crown prince aaditha karikalan his younger brother arunmozhi varman and the emperor sundara cholar separated by situations it is up to a messenger to ensure the safety of the kingdom can he succeed in his mission especially with karikalan s former girlfriend nandhini plotting to bring down the entire chola empire the chola kingdom is under threat from forces both internal and external and with crown prince aaditha karikalan his younger brother arunmozhi varman and the emperor sundara cholar separated by situations it is up to a messenger to ensure the safety of the kingdom can he succeed in his mission especially with karikalan s former girlfriend nandhini plotting to bring down the entire chola empire the chola kingdom is under threat from forces both internal and external and with crown prince aaditha karikalan his younger brother arunmozhi varman and the emperor sundara cholar separated by situations it is up to a messenger to ensure the safety of the kingdom can he succeed in his mission especially with karikalan s former girlfriend nandhini plotting to bring down the entire chola empire action adventure history action adventure history based on novel or book heir to the throne historical fiction journey history of india 10th century indian empire based on novel or book heir to the throne historical fiction journey history of india 10th century indian empire vikram aishwarya rai bachchan ravi mohan karthi trisha krishnan jayaram prakash raj r sarathkumar mani ratnam ta ta
263475,Kaththi,2014,ta,"Action, Drama","Kathiresan aka Kaththi, a criminal, escapes from the Kolkata prison and comes to Chennai, where he comes across his doppelganger Jeevanandham, fighting for his life after being shot at by unknown men. Kathir decides to pass off as Jeeva and make away with a lump sum amount but once he realizes who Jeeva really is, Kathir turns a crusader.","village, farmer, corporate power, escaped prisoner","Vijay, Samantha Ruth Prabhu, Sathish, Neil Nitin Mukesh, Tota Roy Chowdhury, Yuvina Parthavi, Sudip Mukherjee, Jeeva Ravi",A. R. Murugadoss,/y8hvai0Y96Fz1yqyvtAG0hnATuZ.jpg,7.167,113,2.0941,kathiresan aka kaththi a criminal escapes from the kolkata prison and comes to chennai where he comes across his doppelganger jeevanandham fighting for his life after being shot at by unknown men kathir decides to pass off as jeeva and make away with a lump sum amount but once he realizes who jeeva really is kathir turns a crusader kathiresan aka kaththi a criminal escapes from the kolkata prison and comes to chennai where he comes across his doppelganger jeevanandham fighting for his life after being shot at by unknown men kathir decides to pass off as jeeva and make away with a lump sum amount but once he realizes who jeeva really is kathir turns a crusader kathiresan aka kaththi a criminal escapes from the kolkata prison and comes to chennai where he comes across his doppelganger jeevanandham fighting for his life after being shot at by unknown men kathir decides to pass off as jeeva and make away with a lump sum amount but once he realizes who jeeva really is kathir turns a crusader action drama action drama village farmer corporate power escaped prisoner village farmer corporate power escaped prisoner vijay samantha ruth prabhu sathish neil nitin mukesh tota roy chowdhury yuvina parthavi sudip mukherjee jeeva ravi a r murugadoss ta ta
441717,96,2018,ta,Romance,"Ram is a photographer and nature lover who travels all around India capturing moments. On a chance visit to his hometown Tanjavur, he goes into his school and begins to walk down memory lane to 1994 when he was a student harboring feelings for his classmate Janu.","school girl love, school love","Vijay Sethupathi, Trisha Krishnan, Aditya Baskar, Gouri G Kishan, Devadarshini, Bagavathi Perumal, Janagaraj, Aadukalam Murugadoss",C. Prem Kumar,/nrVloCa2hCFOztRF1DZU2jnWIiQ.jpg,7.666,163,2.9707,ram is a photographer and nature lover who travels all around india capturing moments on a chance visit to his hometown tanjavur he goes into his school and begins to walk down memory lane to 1994 when he was a student harboring feelings for his classmate janu ram is a photographer and nature lover who travels all around india capturing moments on a chance visit to his hometown tanjavur he goes into his school and begins to walk down memory lane to 1994 when he was a student harboring feelings for his classmate janu ram is a photographer and nature lover who travels all around india capturing moments on a chance visit to his hometown tanjavur he goes into his school and begins to walk down memory lane to 1994 when he was a student harboring feelings for his classmate janu romance romance school girl love school love school girl love school love vijay sethupathi trisha krishnan aditya baskar gouri g kishan devadarshini bagavathi perumal janagaraj aadukalam murugadoss c prem kumar ta ta
373449,2.0,2018,ta,"Action, Science Fiction, Fantasy","An ornithologist who commits suicide returns as fifth force to wreack vengeance on mankind for harming birds with mobile phone radiation. The only thing that is standing in his way is 2.0, the upgraded version of Chitti, the robot.","monster, ornithology, revenge, robot, scientist, humanoid robot","Rajinikanth, Akshay Kumar, Amy Jackson, Sudhanshu Pandey, Adil Hussain, Kalabhavan Shajon, Kaizaad Kotwal, Ishari. K. Ganesh",Shankar,/6EYb9c707fTGrsM3bA0zKk3jNBq.jpg,5.847,190,2.5545,an ornithologist who commits suicide returns as fifth force to wreack vengeance on mankind for harming birds with mobile phone radiation the only thing that is standing in his way is 2 0 the upgraded version of chitti the robot an ornithologist who commits suicide returns as fifth force to wreack vengeance on mankind for harming birds with mobile phone radiation the only thing that is standing in his way is 2 0 the upgraded version of chitti the robot an ornithologist who commits suicide returns as fifth force to wreack vengeance on mankind for harming birds with mobile phone radiation the only thing that is standing in his way is 2 0 the upgraded version of chitti the robot action science fiction fantasy action science fiction fantasy monster ornithology revenge robot scientist humanoid robot monster ornithology revenge robot scientist humanoid robot rajinikanth akshay kumar amy jackson sudhanshu pandey adil hussain kalabhavan shajon kaizaad kotwal ishari k ganesh shankar ta ta
19950,Yavarum Nalam,2009,ta,"Mystery, Horror","Manohar and his family move into a new apartment on the 13th floor. However, their peace is disturbed by a spirit that uses the television set as a medium to communicate with them.","paranormal phenomena, super power, vengeful ghost, murder investigation","R. Madhavan, Neetu Chandra, Sachin Khedekar, Ravi Babu, Murali Sharma, Saranya Ponvannan, Poonam Dhillon, Sanjaih Bokaria",Vikram Kumar,/AvecQgxUwMuc1VTlkFm5RpAibZe.jpg,6.39,91,2.937,manohar and his family move into a new apartment on the 13th floor however their peace is disturbed by a spirit that uses the television set as a medium to communicate with them manohar and his family move into a new apartment on the 13th floor however their peace is disturbed by a spirit that uses the television set as a medium to communicate with them manohar and his family move into a new apartment on the 13th floor however their peace is disturbed by a spirit that uses the television set as a medium to communicate with them mystery horror mystery horror paranormal phenomena super power vengeful ghost murder investigation paranormal phenomena super power vengeful ghost murder investigation r madhavan neetu chandra sachin khedekar ravi babu murali sharma saranya ponvannan poonam dhillon sanjaih bokaria vikram kumar ta ta
1032627,Love Today,2022,ta,"Comedy, Romance",A young couple is made to exchange their phones for a day. What follows is a hilarious and emotional sequence of events that puts their lives in misery.,,"Pradeep Ranganathan, Ivana, Akshaya Udhayakumar, Raveena Ravi, Radhika Sarathkumar, Prathana Nathan, Sathyaraj, Yogi Babu",Pradeep Ranganathan,/iRfIti4RhDFZ11UyCmz5Mk5wtGI.jpg,6.931,65,2.7676,a young couple is made to exchange their phones for a day what follows is a hilarious and emotional sequence of events that puts their lives in misery a young couple is made to exchange their phones for a day what follows is a hilarious and emotional sequence of events that puts their lives in misery a young couple is made to exchange their phones for a day what follows is a hilarious and emotional sequence of events that puts their lives in misery comedy romance comedy romance   pradeep ranganathan ivana akshaya udhayakumar raveena ravi radhika sarathkumar prathana nathan sathyaraj yogi babu pradeep ranganathan ta ta
370076,Theri,2016,ta,"Action, Crime, Thriller","When an honest cop, Vijay Kumar's family is ruthlessly slaughtered by a politician and his aides, he decides to change his identity and commits his life to bring his daughter up in a serene atmosphere. But some freak events end up compromising his identity and what he does to save his daughter and avenge the death of his family unfurls as Theri.","police shootout, loving, inspirational, romantic, enthusiastic","Vijay, Samantha Ruth Prabhu, Amy Jackson, Prabhu, Radhika Sarathkumar, Nainika, Rajendran, Stun Siva",Atlee,/f6BhexotEqO3GejXa3FopBNGL6M.jpg,6.85,120,2.3628,when an honest cop vijay kumar s family is ruthlessly slaughtered by a politician and his aides he decides to change his identity and commits his life to bring his daughter up in a serene atmosphere but some freak events end up compromising his identity and what he does to save his daughter and avenge the death of his family unfurls as theri when an honest cop vijay kumar s family is ruthlessly slaughtered by a politician and his aides he decides to change his identity and commits his life to bring his daughter up in a serene atmosphere but some freak events end up compromising his identity and what he does to save his daughter and avenge the death of his family unfurls as theri when an honest cop vijay kumar s family is ruthlessly slaughtered by a politician and his aides he decides to change his identity and commits his life to bring his daughter up in a serene atmosphere but some freak events end up compromising his identity and what he does to save his daughter and avenge the death of his family unfurls as theri action crime thriller action crime thriller police shootout loving inspirational romantic enthusiastic police shootout loving inspirational romantic enthusiastic vijay samantha ruth prabhu amy jackson prabhu radhika sarathkumar nainika rajendran stun siva atlee ta ta
673692,Doctor,2021,ta,"Thriller, Comedy, Action",An army doctor helps his love interest's family to find their kidnapped daughter using a unique strategy: conducting a kidnapping of their own.,"kidnapping, human trafficking, nerd, dark comedy","Sivakarthikeyan, Vinay Rai, Priyanka Arul Mohan, Yogi Babu, Archana Chandhoke, Ilavarasu, Milind Soman, Arun Alexander",Nelson Dilipkumar,/ySPT0USsuDFG9pqHjI50GYOeQmj.jpg,6.266,64,2.1999,an army doctor helps his love interest s family to find their kidnapped daughter using a unique strategy conducting a kidnapping of their own an army doctor helps his love interest s family to find their kidnapped daughter using a unique strategy conducting a kidnapping of their own an army doctor helps his love interest s family to find their kidnapped daughter using a unique strategy conducting a kidnapping of their own thriller comedy action thriller comedy action kidnapping human trafficking nerd dark comedy kidnapping human trafficking nerd dark comedy sivakarthikeyan vinay rai priyanka arul mohan yogi babu archana chandhoke ilavarasu milind soman arun alexander nelson dilipkumar ta ta
534993,Petta,2019,ta,Action,"A hostel warden becomes the target of a dreaded politician and his gangster son, but little do they realise that it is they who should fear him.","warden, secret past","Rajinikanth, Nawazuddin Siddiqui, Vijay Sethupathi, Sananth, M. Sasikumar, Bobby Simha, Simran, Trisha Krishnan",Karthik Subbaraj,/so1xwT4ln38FpcjKqENfXrhxnbb.jpg,7.206,97,2.4202,a hostel warden becomes the target of a dreaded politician and his gangster son but little do they realise that it is they who should fear him a hostel warden becomes the target of a dreaded politician and his gangster son but little do they realise that it is they who should fear him a hostel warden becomes the target of a dreaded politician and his gangster son but little do they realise that it is they who should fear him action action warden secret past warden secret past rajinikanth nawazuddin siddiqui vijay sethupathi sananth m sasikumar bobby simha simran trisha krishnan karthik subbaraj ta ta
855400,Jai Bhim,2021,ta,"Crime, Drama, Mystery, History","A pregnant woman from a primitive tribal community, searches desperately for her husband, who is missing from police custody. So as to find her husband and seek justice for them, as their voice, a High Court advocate rises in support. Will their battle for justice succeed?","lawyer, tribal","Suriya, Lijomol Jose, Baby Joshika Maya, Manikandan, Rajisha Vijayan, Prakash Raj, Rao Ramesh, Guru Somasundaram",T. J. Gnanavel,/ehybiOtBUtrMkmtB39zQEtq1Jie.jpg,7.393,257,2.2393,a pregnant woman from a primitive tribal community searches desperately for her husband who is missing from police custody so as to find her husband and seek justice for them as their voice a high court advocate rises in support will their battle for justice succeed a pregnant woman from a primitive tribal community searches desperately for her husband who is missing from police custody so as to find her husband and seek justice for them as their voice a high court advocate rises in support will their battle for justice succeed a pregnant woman from a primitive tribal community searches desperately for her husband who is missing from police custody so as to find her husband and seek justice for them as their voice a high court advocate rises in support will their battle for justice succeed crime drama mystery history crime drama mystery history lawyer tribal lawyer tribal suriya lijomol jose baby joshika maya manikandan rajisha vijayan prakash raj rao ramesh guru somasundaram t j gnanavel ta ta
21463,Roja,1992,ta,"Drama, Action, Romance","Roja, a simple girl from a village in Tamil Nadu, makes desperate efforts to find her husband, Rishi, after he is kidnapped by militants during a secret undercover mission in Kashmir.",romance,"Arvind Swamy, Madhoo, Nassar, Janagaraj, Pankaj Kapur, Shiva Rindani, Vaishnavi, C. K. Saraswathi",Mani Ratnam,/4vsfaW8actUgPRK79zgGlgpSSeB.jpg,6.987,75,2.0905,roja a simple girl from a village in tamil nadu makes desperate efforts to find her husband rishi after he is kidnapped by militants during a secret undercover mission in kashmir roja a simple girl from a village in tamil nadu makes desperate efforts to find her husband rishi after he is kidnapped by militants during a secret undercover mission in kashmir roja a simple girl from a village in tamil nadu makes desperate efforts to find her husband rishi after he is kidnapped by militants during a secret undercover mission in kashmir drama action romance drama action romance romance romance arvind swamy madhoo nassar janagaraj pankaj kapur shiva rindani vaishnavi c k saraswathi mani ratnam ta ta
607145,Rocketry: The Nambi Effect,2022,ta,"Drama, History","The story of the great Indian rocket scientist, Shri Nambi Narayanan's life, a true patriot, who was turned into a villain in the blink of an eye after being falsely accused of treason.",based on true story,"R. Madhavan, Simran, Misha Ghoshal, Jagan, Dinesh Prabhakar, Ron Donachie, Vincent Riotta, Phyllis Logan",R. Madhavan,/o7A1agEoXvwyyOmIbHnUhfnC34j.jpg,7.662,68,2.1578,the story of the great indian rocket scientist shri nambi narayanan s life a true patriot who was turned into a villain in the blink of an eye after being falsely accused of treason the story of the great indian rocket scientist shri nambi narayanan s life a true patriot who was turned into a villain in the blink of an eye after being falsely accused of treason the story of the great indian rocket scientist shri nambi narayanan s life a true patriot who was turned into a villain in the blink of an eye after being falsely accused of treason drama history drama history based on true story based on true story r madhavan simran misha ghoshal jagan dinesh prabhakar ron donachie vincent riotta phyllis logan r madhavan ta ta
1129608,The Greatest of All Time,2024,ta,"Action, Drama, Thriller","A once decorated member of the Special Anti-Terrorism Squad (SATS) is called back into action by his former colleagues for an important mission, setting him on a dangerous collision course with his own past.","covert agency, dual role, estranged son, science fiction","Vijay, Prashanth, Prabhu Deva, Mohan, Ajmal Ameer, Jayaram, Sneha, Meenakshi Chaudhary",Venkat Prabhu,/kk9SmNt6QcP5thvSYELWvO0NWuC.jpg,4.654,52,2.4696,a once decorated member of the special anti terrorism squad sats is called back into action by his former colleagues for an important mission setting him on a dangerous collision course with his own past a once decorated member of the special anti terrorism squad sats is called back into action by his former colleagues for an important mission setting him on a dangerous collision course with his own past a once decorated member of the special anti terrorism squad sats is called back into action by his former colleagues for an important mission setting him on a dangerous collision course with his own past action drama thriller action drama thriller covert agency dual role estranged son science fiction covert agency dual role estranged son science fiction vijay prashanth prabhu deva mohan ajmal ameer jayaram sneha meenakshi chaudhary venkat prabhu ta ta
26247,Bombay,1995,ta,"Drama, Romance","A Hindu man and a Muslim woman fall in love in a small village and move to Mumbai, where they have two children. However, growing religious tensions and erupting riots threaten to tear the family apart.","mumbai (bombay), india, race riot","Arvind Swamy, Manisha Koirala, Prakash Raj, Nassar, Kitty, Tinnu Anand, Master Harsha, Master Hridhay",Mani Ratnam,/g1FXpdQogl84eztCsLI3h8Kmp69.jpg,7.281,89,2.1012,a hindu man and a muslim woman fall in love in a small village and move to mumbai where they have two children however growing religious tensions and erupting riots threaten to tear the family apart a hindu man and a muslim woman fall in love in a small village and move to mumbai where they have two children however growing religious tensions and erupting riots threaten to tear the family apart a hindu man and a muslim woman fall in love in a small village and move to mumbai where they have two children however growing religious tensions and erupting riots threaten to tear the family apart drama romance drama romance mumbai bombay india race riot mumbai bombay india race riot arvind swamy manisha koirala prakash raj nassar kitty tinnu anand master harsha master hridhay mani ratnam ta ta
1136423,Meiyazhagan,2024,ta,"Family, Drama","Twenty-two years after losing his home, Arulmozhi Varman returns to his native Thanjavur to attend his cousin's wedding. Amidst the celebrations, Arul is reintroduced to an upbeat man whom he cannot recall. With the help of the unknown man, Arul reconnects with his past.","family, admiring","Arvind Swamy, Karthi, Rajkiran, Jayaprakash, Sri Divya, Devadarshini, Swathi Konde, Rajkumar",C. Prem Kumar,/ngDEH7YqVaMCAD4LpNxRl6ScJnw.jpg,8.212,66,2.2163,twenty two years after losing his home arulmozhi varman returns to his native thanjavur to attend his cousin s wedding amidst the celebrations arul is reintroduced to an upbeat man whom he cannot recall with the help of the unknown man arul reconnects with his past twenty two years after losing his home arulmozhi varman returns to his native thanjavur to attend his cousin s wedding amidst the celebrations arul is reintroduced to an upbeat man whom he cannot recall with the help of the unknown man arul reconnects with his past twenty two years after losing his home arulmozhi varman returns to his native thanjavur to attend his cousin s wedding amidst the celebrations arul is reintroduced to an upbeat man whom he cannot recall with the help of the unknown man arul reconnects with his past family drama family drama family admiring family admiring arvind swamy karthi rajkiran jayaprakash sri divya devadarshini swathi konde rajkumar c prem kumar ta ta
800383,Beast,2022,ta,"Action, Comedy","A former RAW officer, who is among the hostages in a mall taken over by terrorists, has to foil their plans and prevent the government from releasing a dreaded terrorist, who he had helped put in prison at great personal cost.","hijacking, heist, soldier, mall, raw agent","Vijay, Pooja Hegde, Selvaraghavan, Shine Tom Chacko, Yogi Babu, Redin Kingsley, VTV Ganesh, Shaji Chen",Nelson Dilipkumar,/yE8bsjy9hvuSY5JdtFlJGXyaTeH.jpg,5.137,91,2.4146,a former raw officer who is among the hostages in a mall taken over by terrorists has to foil their plans and prevent the government from releasing a dreaded terrorist who he had helped put in prison at great personal cost a former raw officer who is among the hostages in a mall taken over by terrorists has to foil their plans and prevent the government from releasing a dreaded terrorist who he had helped put in prison at great personal cost a former raw officer who is among the hostages in a mall taken over by terrorists has to foil their plans and prevent the government from releasing a dreaded terrorist who he had helped put in prison at great personal cost action comedy action comedy hijacking heist soldier mall raw agent hijacking heist soldier mall raw agent vijay pooja hegde selvaraghavan shine tom chacko yogi babu redin kingsley vtv ganesh shaji chen nelson dilipkumar ta ta
1321108,Dude,2025,ta,"Action, Comedy, Drama, Romance","Childhood friends Agan and Kural are inseparable. When Kural encounters romantic troubles, Agan must balance his hidden feelings for her with his desire to ensure her happiness.",,"Pradeep Ranganathan, Mamitha Baiju, R. Sarathkumar, Hridhu Haroon, Rohini, Aishwarya Sharma, Vinodhini Vaidyanathan, Dravid Selvam",Keerthiswaran,/oLUbL4RtynlTtKd1byseeOCkIZO.jpg,5.453,53,2.9099,childhood friends agan and kural are inseparable when kural encounters romantic troubles agan must balance his hidden feelings for her with his desire to ensure her happiness childhood friends agan and kural are inseparable when kural encounters romantic troubles agan must balance his hidden feelings for her with his desire to ensure her happiness childhood friends agan and kural are inseparable when kural encounters romantic troubles agan must balance his hidden feelings for her with his desire to ensure her happiness action comedy drama romance action comedy drama romance   pradeep ranganathan mamitha baiju r sarathkumar hridhu haroon rohini aishwarya sharma vinodhini vaidyanathan dravid selvam keerthiswaran ta ta
487593,Irumbu Thirai,2018,ta,"Action, Thriller","Kathiravan, a major in the Indian army with anger management issues, is compelled by circumstances to borrow a loan from a bank with false documents. When the entire money in the account vanishes, Kathiravan tries to track down the scamsters, and it leads him to White Devil, a master hacker.","hacker, hacking, information leak, deepweb, darknet","Vishal Krishna, Arjun Sarja, Samantha Ruth Prabhu, Delhi Ganesh, Robo Shankar, Vincent Asokan, Kaali Venkat, Vivek Prasanna",P. S. Mithran,/5yDCAvDtgJ9q7Fgs7Jy94nhRbV4.jpg,6.8,51,1.593,kathiravan a major in the indian army with anger management issues is compelled by circumstances to borrow a loan from a bank with false documents when the entire money in the account vanishes kathiravan tries to track down the scamsters and it leads him to white devil a master hacker kathiravan a major in the indian army with anger management issues is compelled by circumstances to borrow a loan from a bank with false documents when the entire money in the account vanishes kathiravan tries to track down the scamsters and it leads him to white devil a master hacker kathiravan a major in the indian army with anger management issues is compelled by circumstances to borrow a loan from a bank with false documents when the entire money in the account vanishes kathiravan tries to track down the scamsters and it leads him to white devil a master hacker action thriller action thriller hacker hacking information leak deepweb darknet hacker hacking information leak deepweb darknet vishal krishna arjun sarja samantha ruth prabhu delhi ganesh robo shankar vincent asokan kaali venkat vivek prasanna p s mithran ta ta
53122,Chandramukhi,2005,ta,"Comedy, Horror, Drama","Creepy happenings in an abandoned mansion are attributed to the ghost of an ancient courtesan, back for revenge.","supernatural, remake, dissociative identity disorder","Jyothika, Rajinikanth, Prabhu, Nassar, Vadivelu, Avinash, Nayanthara, Vineeth Radhakrishnan",P. Vasu,/ro3TcXw9v542zIaOyelysYj3Gi5.jpg,6.829,76,2.101,creepy happenings in an abandoned mansion are attributed to the ghost of an ancient courtesan back for revenge creepy happenings in an abandoned mansion are attributed to the ghost of an ancient courtesan back for revenge creepy happenings in an abandoned mansion are attributed to the ghost of an ancient courtesan back for revenge comedy horror drama comedy horror drama supernatural remake dissociative identity disorder supernatural remake dissociative identity disorder jyothika rajinikanth prabhu nassar vadivelu avinash nayanthara vineeth radhakrishnan p vasu ta ta
410331,Vada Chennai,2018,ta,"Action, Crime","A proficient carrom player sets foot in the world of crime and joins forces with local gangsters to settle their feuds. However, he decides to take them down when they plan to wipe out his locality.","gangster, gang war, historical fiction, criminal underworld, gang warfare, prison fight, north chennai, factionism","Dhanush, Andrea Jeremiah, Ameer, Aishwarya Rajesh, Samuthirakani, Daniel Balaji, Kishore, Pawan",Vetrimaaran,/12TfMF60mrh9Uo5MD98zKUkSQ9t.jpg,7.826,115,2.0716,a proficient carrom player sets foot in the world of crime and joins forces with local gangsters to settle their feuds however he decides to take them down when they plan to wipe out his locality a proficient carrom player sets foot in the world of crime and joins forces with local gangsters to settle their feuds however he decides to take them down when they plan to wipe out his locality a proficient carrom player sets foot in the world of crime and joins forces with local gangsters to settle their feuds however he decides to take them down when they plan to wipe out his locality action crime action crime gangster gang war historical fiction criminal underworld gang warfare prison fight north chennai factionism gangster gang war historical fiction criminal underworld gang warfare prison fight north chennai factionism dhanush andrea jeremiah ameer aishwarya rajesh samuthirakani daniel balaji kishore pawan vetrimaaran ta ta
60579,Hey Ram,2000,ta,"History, Drama, Crime",Saketh Ram's wife is raped and killed during direct action day riots in Calcutta. He is convinced that Mahatma Gandhi is responsible for all the problems happening in the country. He sets out to kill him.,"assassination, muslim, hindu, mahatma gandhi, based on true story, riot, race riot, revenge, religion","Kamal Haasan, Shah Rukh Khan, Hema Malini, Rani Mukerji, Vasundhara Das, Girish Karnad, Naseeruddin Shah, Om Puri",Kamal Haasan,/v7MM2hogZ6XwPaoHFC66g8g26Mo.jpg,7.06,67,2.04,saketh ram s wife is raped and killed during direct action day riots in calcutta he is convinced that mahatma gandhi is responsible for all the problems happening in the country he sets out to kill him saketh ram s wife is raped and killed during direct action day riots in calcutta he is convinced that mahatma gandhi is responsible for all the problems happening in the country he sets out to kill him saketh ram s wife is raped and killed during direct action day riots in calcutta he is convinced that mahatma gandhi is responsible for all the problems happening in the country he sets out to kill him history drama crime history drama crime assassination muslim hindu mahatma gandhi based on true story riot race riot revenge religion assassination muslim hindu mahatma gandhi based on true story riot race riot revenge religion kamal haasan shah rukh khan hema malini rani mukerji vasundhara das girish karnad naseeruddin shah om puri kamal haasan ta ta
595228,Soorarai Pottru,2020,ta,"Drama, Action","Nedumaaran Rajangam ""Maara"" sets out to make the common man fly and in the process takes on the world's most capital intensive industry and several enemies who stand in his way.","optimistic, biographical fiction","Suriya, Aparna Balamurali, Paresh Rawal, Mohan Babu, Urvashi, Karunas, 'Poo' Ram, Krishnakumar Balasubramanian",Sudha Kongara Prasad,/5uimlxPCgAei8JfQUDFEUQLoyyh.jpg,7.745,139,2.1088,nedumaaran rajangam maara sets out to make the common man fly and in the process takes on the world s most capital intensive industry and several enemies who stand in his way nedumaaran rajangam maara sets out to make the common man fly and in the process takes on the world s most capital intensive industry and several enemies who stand in his way nedumaaran rajangam maara sets out to make the common man fly and in the process takes on the world s most capital intensive industry and several enemies who stand in his way drama action drama action optimistic biographical fiction optimistic biographical fiction suriya aparna balamurali paresh rawal mohan babu urvashi karunas poo ram krishnakumar balasubramanian sudha kongara prasad ta ta
412862,Ratsasan,2018,ta,"Thriller, Crime, Mystery","A serial killer is murdering school girls, and a newbie cop has to track him down before the victim count increases.","serial killer, psychological thriller, rookie cop, police investigation, child kidnapping","Vishnu Vishal, Amala Paul, Suzane George, Munishkanth, Kaali Venkat, Radha Ravi, Ammu Abhirami, Monekha Siva",Ram Kumar,/mRObdeazn263na5zXzZSRJTBvi7.jpg,7.397,209,2.1754,a serial killer is murdering school girls and a newbie cop has to track him down before the victim count increases a serial killer is murdering school girls and a newbie cop has to track him down before the victim count increases a serial killer is murdering school girls and a newbie cop has to track him down before the victim count increases thriller crime mystery thriller crime mystery serial killer psychological thriller rookie cop police investigation child kidnapping serial killer psychological thriller rookie cop police investigation child kidnapping vishnu vishal amala paul suzane george munishkanth kaali venkat radha ravi ammu abhirami monekha siva ram kumar ta ta
456287,Mersal,2017,ta,"Thriller, Action, Crime","A few individuals in the medical profession are murdered or kidnapped, and the cop investigating the case suspects a doctor and arrests him. But is he the one who is behind these crimes? And why are they being committed?","medical error, medical scandal, gst","Vijay, S. J. Suryah, Kajal Aggarwal, Samantha Ruth Prabhu, Nithya Menen, Sathyaraj, Vadivelu, Sathyan",Atlee,/65Q1wpRPZ5E3UVUv2V5JBbJQCcj.jpg,7.307,137,2.5666,a few individuals in the medical profession are murdered or kidnapped and the cop investigating the case suspects a doctor and arrests him but is he the one who is behind these crimes and why are they being committed a few individuals in the medical profession are murdered or kidnapped and the cop investigating the case suspects a doctor and arrests him but is he the one who is behind these crimes and why are they being committed a few individuals in the medical profession are murdered or kidnapped and the cop investigating the case suspects a doctor and arrests him but is he the one who is behind these crimes and why are they being committed thriller action crime thriller action crime medical error medical scandal gst medical error medical scandal gst vijay s j suryah kajal aggarwal samantha ruth prabhu nithya menen sathyaraj vadivelu sathyan atlee ta ta
858082,Ponniyin Selvan: Part II,2023,ta,"Action, Adventure, History, Drama","968 AD. The Pandyan assassins gather once again to destroy the Chola dynasty. Now the mighty Chola princes must fight the Pandyas, the Rashtrakutas and other Chola enemies who have joined forces. Also, at play are the rumours of Ponniyin Selvan’s death at sea, the powerful Pazhuvettarayar’s betrayal, and the tragic destiny of Aditha Karikalan, whose heart was long lost to the vengeful Nandini.","based on novel or book, heir to the throne, historical fiction, 10th century","Vikram, Aishwarya Rai Bachchan, Ravi Mohan, Karthi, Trisha Krishnan, Prakash Raj, R. Sarathkumar, R. Parthiban",Mani Ratnam,/1fMM5yjLYJNfO3CSQBpfC1kqeIK.jpg,6.238,65,2.2754,968 ad the pandyan assassins gather once again to destroy the chola dynasty now the mighty chola princes must fight the pandyas the rashtrakutas and other chola enemies who have joined forces also at play are the rumours of ponniyin selvan s death at sea the powerful pazhuvettarayar s betrayal and the tragic destiny of aditha karikalan whose heart was long lost to the vengeful nandini 968 ad the pandyan assassins gather once again to destroy the chola dynasty now the mighty chola princes must fight the pandyas the rashtrakutas and other chola enemies who have joined forces also at play are the rumours of ponniyin selvan s death at sea the powerful pazhuvettarayar s betrayal and the tragic destiny of aditha karikalan whose heart was long lost to the vengeful nandini 968 ad the pandyan assassins gather once again to destroy the chola dynasty now the mighty chola princes must fight the pandyas the rashtrakutas and other chola enemies who have joined forces also at play are the rumours of ponniyin selvan s death at sea the powerful pazhuvettarayar s betrayal and the tragic destiny of aditha karikalan whose heart was long lost to the vengeful nandini action adventure history drama action adventure history drama based on novel or book heir to the throne historical fiction 10th century based on novel or book heir to the throne historical fiction 10th century vikram aishwarya rai bachchan ravi mohan karthi trisha krishnan prakash raj r sarathkumar r parthiban mani ratnam ta ta
19978,Anniyan,2005,ta,"Action, Drama, Thriller, Crime","Unable to tolerate society's injustices and devastated by rejection from the woman he loves, a meek lawyer develops a split personality: one side a vengeful vigilante killer punishing evildoers, the other a dashing playboy capable of winning her heart. Complications arise when the three sides begin to collide.","romcom, vigilante, lawyer, split personality, multiple personality, dissociative identity disorder","Vikram, Sadha, Prakash Raj, Vivek, Nedumudi Venu, Nassar, Cochin Haneefa, Kalabhavan Mani",Shankar,/c00EX1zqb8DppHIRB6d51kN5Y27.jpg,7.358,127,2.2315,unable to tolerate society s injustices and devastated by rejection from the woman he loves a meek lawyer develops a split personality one side a vengeful vigilante killer punishing evildoers the other a dashing playboy capable of winning her heart complications arise when the three sides begin to collide unable to tolerate society s injustices and devastated by rejection from the woman he loves a meek lawyer develops a split personality one side a vengeful vigilante killer punishing evildoers the other a dashing playboy capable of winning her heart complications arise when the three sides begin to collide unable to tolerate society s injustices and devastated by rejection from the woman he loves a meek lawyer develops a split personality one side a vengeful vigilante killer punishing evildoers the other a dashing playboy capable of winning her heart complications arise when the three sides begin to collide action drama thriller crime action drama thriller crime romcom vigilante lawyer split personality multiple personality dissociative identity disorder romcom vigilante lawyer split personality multiple personality dissociative identity disorder vikram sadha prakash raj vivek nedumudi venu nassar cochin haneefa kalabhavan mani shankar ta ta
432139,Vikram Vedha,2017,ta,"Action, Thriller, Crime, Adventure",A notorious gangster Vedha surrenders himself to encounter specialist Vikram whom he challenges every step of the way by narrating his life events in the form of riddles that needs to be solved in order to capture him.,encounter specialist,"R. Madhavan, Vijay Sethupathi, Shraddha Srinath, Kathir, Varalaxmi Sarathkumar, Prem, Hareesh Peradi, Achyuth Kumar",Pushkar,/ob9YxdzRu5lfKgz0PNrlL45dorf.jpg,7.253,243,2.0921,a notorious gangster vedha surrenders himself to encounter specialist vikram whom he challenges every step of the way by narrating his life events in the form of riddles that needs to be solved in order to capture him a notorious gangster vedha surrenders himself to encounter specialist vikram whom he challenges every step of the way by narrating his life events in the form of riddles that needs to be solved in order to capture him a notorious gangster vedha surrenders himself to encounter specialist vikram whom he challenges every step of the way by narrating his life events in the form of riddles that needs to be solved in order to capture him action thriller crime adventure action thriller crime adventure encounter specialist encounter specialist r madhavan vijay sethupathi shraddha srinath kathir varalaxmi sarathkumar prem hareesh peradi achyuth kumar pushkar ta ta
366080,Kabali,2016,ta,"Action, Crime, Drama",A gangster in Malaysia goes in search of his family after 25 years of imprisonment.,"gangster, rivalry, malaysia, oppression","Rajinikanth, Radhika Apte, Sai Dhanshika, Winston Chao, Kishore, V R Dinesh, Kalaiyarasan, John Vijay",Pa. Ranjith,/va0M1xhP3sUUERWfHeSKGVhtJHW.jpg,5.99,97,2.1364,a gangster in malaysia goes in search of his family after 25 years of imprisonment a gangster in malaysia goes in search of his family after 25 years of imprisonment a gangster in malaysia goes in search of his family after 25 years of imprisonment action crime drama action crime drama gangster rivalry malaysia oppression gangster rivalry malaysia oppression rajinikanth radhika apte sai dhanshika winston chao kishore v r dinesh kalaiyarasan john vijay pa ranjith ta ta
1041580,The Elephant Whisperers,2022,ta,Documentary,"Bomman and Bellie, a couple in south India, devote their lives to caring for an orphaned baby elephant named Raghu, forging a family like no other.",,"Bomman, Bellie",Kartiki Gonsalves,/rRn0Uj2WXal7FkWWyKK0bleQlOy.jpg,7.27,152,1.9625,bomman and bellie a couple in south india devote their lives to caring for an orphaned baby elephant named raghu forging a family like no other bomman and bellie a couple in south india devote their lives to caring for an orphaned baby elephant named raghu forging a family like no other bomman and bellie a couple in south india devote their lives to caring for an orphaned baby elephant named raghu forging a family like no other documentary documentary   bomman bellie kartiki gonsalves ta ta
263471,I,2015,ta,"Thriller, Action, Romance",A deformed hunchback kidnaps a bride and holds her hostage while his connection to her and his targets is revealed in a series of flashbacks that unfold as he starts seeking revenge.,"fight, bodybuilder, revenge, electrocution, model, hunchback, makeup artist, burning, prosthetic make up, i","Vikram, Amy Jackson, Suresh Gopi, Upen Patel, Ramkumar Ganesan, Santhanam, Ojas Rajani, T. K. Kala",Shankar,/pZioBfNL0BHl8JZ6P9ddqBNnFuj.jpg,6.7,142,2.1332,a deformed hunchback kidnaps a bride and holds her hostage while his connection to her and his targets is revealed in a series of flashbacks that unfold as he starts seeking revenge a deformed hunchback kidnaps a bride and holds her hostage while his connection to her and his targets is revealed in a series of flashbacks that unfold as he starts seeking revenge a deformed hunchback kidnaps a bride and holds her hostage while his connection to her and his targets is revealed in a series of flashbacks that unfold as he starts seeking revenge thriller action romance thriller action romance fight bodybuilder revenge electrocution model hunchback makeup artist burning prosthetic make up i fight bodybuilder revenge electrocution model hunchback makeup artist burning prosthetic make up i vikram amy jackson suresh gopi upen patel ramkumar ganesan santhanam ojas rajani t k kala shankar ta ta
24049,Sivaji: The Boss,2007,ta,"Action, Drama","A wealthy engineer arrives in India with the mission of serving the nation and investing in the country's welfare but is met with strong opposition from corrupt officials and politicians. After being faced with insurmountable hardships, he decides to take drastic measures.","black money, corrupt politician, education system, anti-corruption","Rajinikanth, Vivek, Suman, Shriya Saran, Manivannan, Vadivukarasi, Raghuvaran, Cochin Haneefa",Shankar,/t5oPb8q91gdClkyJG2hxyebEglv.jpg,7.085,153,2.2531,a wealthy engineer arrives in india with the mission of serving the nation and investing in the country s welfare but is met with strong opposition from corrupt officials and politicians after being faced with insurmountable hardships he decides to take drastic measures a wealthy engineer arrives in india with the mission of serving the nation and investing in the country s welfare but is met with strong opposition from corrupt officials and politicians after being faced with insurmountable hardships he decides to take drastic measures a wealthy engineer arrives in india with the mission of serving the nation and investing in the country s welfare but is met with strong opposition from corrupt officials and politicians after being faced with insurmountable hardships he decides to take drastic measures action drama action drama black money corrupt politician education system anti corruption black money corrupt politician education system anti corruption rajinikanth vivek suman shriya saran manivannan vadivukarasi raghuvaran cochin haneefa shankar ta ta
29971,Nayakan,1987,ta,"Drama, Crime","Velu Naicker, who witnesses the brutal murder of his father, kills a corrupt policeman and escapes to Mumbai, only to become a gangster.","gangster, gang war, symbolism, revenge, tragedy, religion, india, family tragedy, rise to power, corrupt system, life in the slums","Kamal Haasan, Saranya Ponvannan, Karthika, Janagaraj, Delhi Ganesh, Nizhalgal Ravi, Nassar, Tinnu Anand",Mani Ratnam,/hnCKKPG5VkUiGQV0DTniyMTEZsT.jpg,7.897,97,1.9225,velu naicker who witnesses the brutal murder of his father kills a corrupt policeman and escapes to mumbai only to become a gangster velu naicker who witnesses the brutal murder of his father kills a corrupt policeman and escapes to mumbai only to become a gangster velu naicker who witnesses the brutal murder of his father kills a corrupt policeman and escapes to mumbai only to become a gangster drama crime drama crime gangster gang war symbolism revenge tragedy religion india family tragedy rise to power corrupt system life in the slums gangster gang war symbolism revenge tragedy religion india family tragedy rise to power corrupt system life in the slums kamal haasan saranya ponvannan karthika janagaraj delhi ganesh nizhalgal ravi nassar tinnu anand mani ratnam ta ta
594139,Darbar,2020,ta,"Action, Drama, Thriller","Aaditya, the commissioner of Mumbai Police, sets out to catch Ajay, a drug peddler. However, he uncovers a deeper controversy linked to an international drug lord and must mete out justice.",,"Rajinikanth, Nayanthara, Suniel Shetty, Nivetha Thomas, Yogi Babu, Prateik Smita Patil, Nawab Shah, Shamata Anchan",A. R. Murugadoss,/39kVh9CWrY8cE6rIzRqwo6Dn1cZ.jpg,5.905,58,2.1743,aaditya the commissioner of mumbai police sets out to catch ajay a drug peddler however he uncovers a deeper controversy linked to an international drug lord and must mete out justice aaditya the commissioner of mumbai police sets out to catch ajay a drug peddler however he uncovers a deeper controversy linked to an international drug lord and must mete out justice aaditya the commissioner of mumbai police sets out to catch ajay a drug peddler however he uncovers a deeper controversy linked to an international drug lord and must mete out justice action drama thriller action drama thriller   rajinikanth nayanthara suniel shetty nivetha thomas yogi babu prateik smita patil nawab shah shamata anchan a r murugadoss ta ta
1007074,Jigarthanda DoubleX,2023,ta,"Action, Drama, Comedy",A notorious gangster is incited to transform into a film hero and opts for a filmmaker and their project descends into a scenario they had never anticipated.,"attachment to nature, gangster, filmmaking, aspiring actor, tribal people, aspiring artist, caste politics, baby elephant, aspiring director, film within a film, elephant rescue, caste violence, nature and people, police violence","Raghava Lawrence, S. J. Suryah, Naveen Chandra, Nimisha Sajayan, Ilavarasu, Sathyan, Sanchana Natarajan, Kapila Venu",Karthik Subbaraj,/rlPTdgLfgsSv8WiQXRZ2AVIDwAi.jpg,7.653,59,1.7997,a notorious gangster is incited to transform into a film hero and opts for a filmmaker and their project descends into a scenario they had never anticipated a notorious gangster is incited to transform into a film hero and opts for a filmmaker and their project descends into a scenario they had never anticipated a notorious gangster is incited to transform into a film hero and opts for a filmmaker and their project descends into a scenario they had never anticipated action drama comedy action drama comedy attachment to nature gangster filmmaking aspiring actor tribal people aspiring artist caste politics baby elephant aspiring director film within a film elephant rescue caste violence nature and people police violence attachment to nature gangster filmmaking aspiring actor tribal people aspiring artist caste politics baby elephant aspiring director film within a film elephant rescue caste violence nature and people police violence raghava lawrence s j suryah naveen chandra nimisha sajayan ilavarasu sathyan sanchana natarajan kapila venu karthik subbaraj ta ta
656113,Jagame Thandhiram,2021,ta,"Crime, Drama","When a clever, carefree gangster is recruited to help an overseas crime lord take down a rival, he is caught off guard by the moral dilemmas that follow.","immigrant, gangster, xenophobia","Dhanush, James Cosmo, Joju George, Kalaiyarasan, Aishwarya Lekshmi, Sharath Ravi, Deepak Paramesh, Sanchana Natarajan",Karthik Subbaraj,/goLoLNagbnWpPQh4YQE9R2hSLqj.jpg,5.509,57,1.9794,when a clever carefree gangster is recruited to help an overseas crime lord take down a rival he is caught off guard by the moral dilemmas that follow when a clever carefree gangster is recruited to help an overseas crime lord take down a rival he is caught off guard by the moral dilemmas that follow when a clever carefree gangster is recruited to help an overseas crime lord take down a rival he is caught off guard by the moral dilemmas that follow crime drama crime drama immigrant gangster xenophobia immigrant gangster xenophobia dhanush james cosmo joju george kalaiyarasan aishwarya lekshmi sharath ravi deepak paramesh sanchana natarajan karthik subbaraj ta ta
962074,Captain Miller,2024,ta,"Action, War","In the 1930s, during the British Raj, Analeesan ""Eesa"", a former soldier of the British Indian Army called Captain Miller, is on a mission to protect the people from the British after witnessing an atrocity.","based on true story, 1980s, activism, period film","Dhanush, Priyanka Arul Mohan, Nivedhithaa Sathish, Elango Kumaravel, Shiva Rajkumar, Sundeep Kishan, Edward Sonnenblick, John Kokken",Arun Matheswaran,/6qKnVaE5BvA2fO1L6r4i1ScX34G.jpg,6.724,85,1.9797,in the 1930s during the british raj analeesan eesa a former soldier of the british indian army called captain miller is on a mission to protect the people from the british after witnessing an atrocity in the 1930s during the british raj analeesan eesa a former soldier of the british indian army called captain miller is on a mission to protect the people from the british after witnessing an atrocity in the 1930s during the british raj analeesan eesa a former soldier of the british indian army called captain miller is on a mission to protect the people from the british after witnessing an atrocity action war action war based on true story 1980s activism period film based on true story 1980s activism period film dhanush priyanka arul mohan nivedhithaa sathish elango kumaravel shiva rajkumar sundeep kishan edward sonnenblick john kokken arun matheswaran ta ta
76788,Mankatha,2011,ta,"Action, Thriller","Vinayak, a suspended cop, helps a group of four men rob cricket betting money amounting to 500 crores INR. When it comes to splitting the amount, betrayal hits the team hard and a chase ensues.","gambling, money laundering, anti hero, cricket, heist, bad cop, cops and robbers , bookie","Ajith Kumar, Arjun Sarja, Vaibhav, Ashwin Kakumanu, Premji Amaran, Mahat Raghavendra, Trisha Krishnan, Raai Laxmi",Venkat Prabhu,/tZnDKJyUYfZKKPfBgVheU9vKlUo.jpg,6.766,77,1.9209,vinayak a suspended cop helps a group of four men rob cricket betting money amounting to 500 crores inr when it comes to splitting the amount betrayal hits the team hard and a chase ensues vinayak a suspended cop helps a group of four men rob cricket betting money amounting to 500 crores inr when it comes to splitting the amount betrayal hits the team hard and a chase ensues vinayak a suspended cop helps a group of four men rob cricket betting money amounting to 500 crores inr when it comes to splitting the amount betrayal hits the team hard and a chase ensues action thriller action thriller gambling money laundering anti hero cricket heist bad cop cops and robbers bookie gambling money laundering anti hero cricket heist bad cop cops and robbers bookie ajith kumar arjun sarja vaibhav ashwin kakumanu premji amaran mahat raghavendra trisha krishnan raai laxmi venkat prabhu ta ta
300983,Yennai Arindhaal,2015,ta,"Thriller, Action","Sathyadev, who is on a career break, is forced to put on his cop shoes ones again to save Thenmozhi, a young woman who is the target of a criminal organ harvesting group, led by a ghost from his past.","police, revenge","Ajith Kumar, Arun Vijay, Anikha Surendran, Vivek, Anushka Shetty, Trisha Krishnan, Parvatii Nair, Ashish Vidhyarthi",Gautham Vasudev Menon,/hGQYVXiB16I7pPqQVSGqvgWIMkQ.jpg,6.942,60,1.7584,sathyadev who is on a career break is forced to put on his cop shoes ones again to save thenmozhi a young woman who is the target of a criminal organ harvesting group led by a ghost from his past sathyadev who is on a career break is forced to put on his cop shoes ones again to save thenmozhi a young woman who is the target of a criminal organ harvesting group led by a ghost from his past sathyadev who is on a career break is forced to put on his cop shoes ones again to save thenmozhi a young woman who is the target of a criminal organ harvesting group led by a ghost from his past thriller action thriller action police revenge police revenge ajith kumar arun vijay anikha surendran vivek anushka shetty trisha krishnan parvatii nair ashish vidhyarthi gautham vasudev menon ta ta
329135,O Kadhal Kanmani,2015,ta,"Romance, Drama","Aadi and Tara fall in love but both hate the idea of marriage and plan to separate when their lives take them to different countries. However, as they grow closer, their emotions are not easily managed.","husband wife relationship, alzheimer's disease, love, open relationship, boyfriend girlfriend relationship, sexual relationship, live in relationship","Dulquer Salmaan, Nithya Menen, Prakash Raj, Leela Samson, Vinodhini Vaidyanathan, Ramya Subramanian, Prabhu Lakshman, Sivakumar Ananth",Mani Ratnam,/dup1prHufHMpD3Z3MkCkbxCuFlI.jpg,7.028,72,1.8669,aadi and tara fall in love but both hate the idea of marriage and plan to separate when their lives take them to different countries however as they grow closer their emotions are not easily managed aadi and tara fall in love but both hate the idea of marriage and plan to separate when their lives take them to different countries however as they grow closer their emotions are not easily managed aadi and tara fall in love but both hate the idea of marriage and plan to separate when their lives take them to different countries however as they grow closer their emotions are not easily managed romance drama romance drama husband wife relationship alzheimer s disease love open relationship boyfriend girlfriend relationship sexual relationship live in relationship husband wife relationship alzheimer s disease love open relationship boyfriend girlfriend relationship sexual relationship live in relationship dulquer salmaan nithya menen prakash raj leela samson vinodhini vaidyanathan ramya subramanian prabhu lakshman sivakumar ananth mani ratnam ta ta
40998,Kannathil Muthamittal,2002,ta,"Drama, War","A little girl is told by her parents that she is adopted. Determined to find her birth mother, her family eventually agrees to take her to Sri Lanka, where they encounter the militant group known as the Tamil Tigers.","civil war, refugee, sri lanka, war victim, suicide bomber, extremist, ltte","P. S. Keerthana, R. Madhavan, Simran, Nandita Das, Delhi Kumar, Suraj, Kethan, Prakash Raj",Mani Ratnam,/eypuf9fEWnTH6cSx6Pm82QGqp4r.jpg,7.694,53,1.6323,a little girl is told by her parents that she is adopted determined to find her birth mother her family eventually agrees to take her to sri lanka where they encounter the militant group known as the tamil tigers a little girl is told by her parents that she is adopted determined to find her birth mother her family eventually agrees to take her to sri lanka where they encounter the militant group known as the tamil tigers a little girl is told by her parents that she is adopted determined to find her birth mother her family eventually agrees to take her to sri lanka where they encounter the militant group known as the tamil tigers drama war drama war civil war refugee sri lanka war victim suicide bomber extremist ltte civil war refugee sri lanka war victim suicide bomber extremist ltte p s keerthana r madhavan simran nandita das delhi kumar suraj kethan prakash raj mani ratnam ta ta
459008,Kaala,2018,ta,"Action, Crime, Drama","Karikaalan consistently fights to keep the people of Dharavi, a slum in Mumbai, safe from the clutches of mighty politicians and the land mafia don, Hari Dhadha.",period drama,"Rajinikanth, Nana Patekar, Easwari Rao, Huma Qureshi, Samuthirakani, Anjali Patil, Manikandan, Dhileban",Pa. Ranjith,/xVAZZN4Av3e6YxwLgUWTYDNtta1.jpg,6.413,75,2.0002,karikaalan consistently fights to keep the people of dharavi a slum in mumbai safe from the clutches of mighty politicians and the land mafia don hari dhadha karikaalan consistently fights to keep the people of dharavi a slum in mumbai safe from the clutches of mighty politicians and the land mafia don hari dhadha karikaalan consistently fights to keep the people of dharavi a slum in mumbai safe from the clutches of mighty politicians and the land mafia don hari dhadha action crime drama action crime drama period drama period drama rajinikanth nana patekar easwari rao huma qureshi samuthirakani anjali patil manikandan dhileban pa ranjith ta ta
535156,Maanaadu,2021,ta,"Thriller, Action, Science Fiction","A Muslim man, who is stuck in a time loop, has to stop a political rally from taking place in order to save the state's chief minister and prevent religious violence.","time loop, political thriller","Silambarasan, S. J. Suryah, Kalyani Priyadarshan, Anjena Kirti, Aravind Akash, S. A. Chandrasekhar, Vagai Chandrasekar, Daniel Annie Pope",Venkat Prabhu,/zO4mfRXYwuOYSy4YoXGVxh3oz1p.jpg,6.954,54,1.9149,a muslim man who is stuck in a time loop has to stop a political rally from taking place in order to save the state s chief minister and prevent religious violence a muslim man who is stuck in a time loop has to stop a political rally from taking place in order to save the state s chief minister and prevent religious violence a muslim man who is stuck in a time loop has to stop a political rally from taking place in order to save the state s chief minister and prevent religious violence thriller action science fiction thriller action science fiction time loop political thriller time loop political thriller silambarasan s j suryah kalyani priyadarshan anjena kirti aravind akash s a chandrasekhar vagai chandrasekar daniel annie pope venkat prabhu ta ta
368006,24,2016,ta,"Action, Science Fiction, Thriller",Scientist turned Entrepreneur Dr. Sethuraman tries to safeguard his newly invented time travel device from falling into the hands of his Evil Twin Brother Aathreya.,time travel,"Suriya, Samantha Ruth Prabhu, Nithya Menen, Saranya Ponvannan, Ajay, Mohan Raman, Girish Karnad, Sathyan",Vikram Kumar,/8d8TTADw3p75Zr4ypNWD66oqUXI.jpg,7.219,144,1.9294,scientist turned entrepreneur dr sethuraman tries to safeguard his newly invented time travel device from falling into the hands of his evil twin brother aathreya scientist turned entrepreneur dr sethuraman tries to safeguard his newly invented time travel device from falling into the hands of his evil twin brother aathreya scientist turned entrepreneur dr sethuraman tries to safeguard his newly invented time travel device from falling into the hands of his evil twin brother aathreya action science fiction thriller action science fiction thriller time travel time travel suriya samantha ruth prabhu nithya menen saranya ponvannan ajay mohan raman girish karnad sathyan vikram kumar ta ta
202616,Thalaivaa,2013,ta,"Action, Drama, Thriller",A mafia don sends his son out of the country because he doesn't want even a shadow of his life falling on him. Destiny wills otherwise. The son makes an innocuous trip to Mumbai to visit his dad. And ends up filling his father's large shoes.,"politics, community service, mafia, vigilantism, fight for justice","Vijay, Amala Paul, Sathyaraj, Ponvannan, Nassar, Santhanam, Suresh, Y. G. Mahendran",A. L. Vijay,/5h2SfwKTbbp0T21kjrOPU3QMaHn.jpg,5.5,56,1.9029,a mafia don sends his son out of the country because he doesn t want even a shadow of his life falling on him destiny wills otherwise the son makes an innocuous trip to mumbai to visit his dad and ends up filling his father s large shoes a mafia don sends his son out of the country because he doesn t want even a shadow of his life falling on him destiny wills otherwise the son makes an innocuous trip to mumbai to visit his dad and ends up filling his father s large shoes a mafia don sends his son out of the country because he doesn t want even a shadow of his life falling on him destiny wills otherwise the son makes an innocuous trip to mumbai to visit his dad and ends up filling his father s large shoes action drama thriller action drama thriller politics community service mafia vigilantism fight for justice politics community service mafia vigilantism fight for justice vijay amala paul sathyaraj ponvannan nassar santhanam suresh y g mahendran a l vijay ta ta
69597,Aayirathil Oruvan,2010,ta,"Action, Adventure","An expedition sets out to uncover the long-lost traces of the Chola dynasty, venturing into uncharted lands filled with ancient traps, hostile forces, and forgotten secrets. What begins as a search for history soon becomes a perilous struggle for survival, where myths and reality collide and the fate of an entire legacy hangs in the balance.","cambodia, ancient culture, ancient civilization, chola dynasty, raja raja cholan, chola emperor, pandyas, death game","Karthi, R. Parthiban, Reema Sen, Andrea Jeremiah, Prathap Pothan, N. Azhagamperumal, Abhinaya, Crane Manohar",Selvaraghavan,/9lrbtKE8vKIpYXxjj0hSwhnC81o.jpg,6.606,52,1.9583,an expedition sets out to uncover the long lost traces of the chola dynasty venturing into uncharted lands filled with ancient traps hostile forces and forgotten secrets what begins as a search for history soon becomes a perilous struggle for survival where myths and reality collide and the fate of an entire legacy hangs in the balance an expedition sets out to uncover the long lost traces of the chola dynasty venturing into uncharted lands filled with ancient traps hostile forces and forgotten secrets what begins as a search for history soon becomes a perilous struggle for survival where myths and reality collide and the fate of an entire legacy hangs in the balance an expedition sets out to uncover the long lost traces of the chola dynasty venturing into uncharted lands filled with ancient traps hostile forces and forgotten secrets what begins as a search for history soon becomes a perilous struggle for survival where myths and reality collide and the fate of an entire legacy hangs in the balance action adventure action adventure cambodia ancient culture ancient civilization chola dynasty raja raja cholan chola emperor pandyas death game cambodia ancient culture ancient civilization chola dynasty raja raja cholan chola emperor pandyas death game karthi r parthiban reema sen andrea jeremiah prathap pothan n azhagamperumal abhinaya crane manohar selvaraghavan ta ta
563309,Bigil,2019,ta,"Drama, Action, Family","A do-gooder don wants his footballer son to uplift the life of his people by becoming a champion, but fate draws the youngster into a life of violence. Will he be able to fulfill his father’s dream when an opportunity comes his way seven years later?","women's football (soccer), feminism","Vijay, Nayanthara, Jackie Shroff, Kathir, Vivek, Daniel Balaji, Anandaraj, Yogi Babu",Atlee,/bk6x3PHpTC3zpVHedGFfygHxbll.jpg,6.324,85,1.8918,a do gooder don wants his footballer son to uplift the life of his people by becoming a champion but fate draws the youngster into a life of violence will he be able to fulfill his father s dream when an opportunity comes his way seven years later a do gooder don wants his footballer son to uplift the life of his people by becoming a champion but fate draws the youngster into a life of violence will he be able to fulfill his father s dream when an opportunity comes his way seven years later a do gooder don wants his footballer son to uplift the life of his people by becoming a champion but fate draws the youngster into a life of violence will he be able to fulfill his father s dream when an opportunity comes his way seven years later drama action family drama action family women s football soccer feminism women s football soccer feminism vijay nayanthara jackie shroff kathir vivek daniel balaji anandaraj yogi babu atlee ta ta
927547,All We Imagine as Light,2024,ml,"Drama, Romance","In Mumbai, Nurse Prabha's routine is troubled when she receives an unexpected gift from her estranged husband. Her younger roommate, Anu, tries in vain to find a spot in the city to be intimate with her boyfriend. A trip to a beach town allows them to find a space for their desires to manifest.","nurse, roommates, meditative","Kani Kusruti, Divya Prabha, Chhaya Kadam, Hridhu Haroon, Azees Nedumangad, Tintumol Joseph, Anand Sami, Lovleen Mishra",Payal Kapadia,/ruImrzB4POsrgwCMozmOBV67zs5.jpg,6.833,252,4.7593,in mumbai nurse prabha s routine is troubled when she receives an unexpected gift from her estranged husband her younger roommate anu tries in vain to find a spot in the city to be intimate with her boyfriend a trip to a beach town allows them to find a space for their desires to manifest in mumbai nurse prabha s routine is troubled when she receives an unexpected gift from her estranged husband her younger roommate anu tries in vain to find a spot in the city to be intimate with her boyfriend a trip to a beach town allows them to find a space for their desires to manifest in mumbai nurse prabha s routine is troubled when she receives an unexpected gift from her estranged husband her younger roommate anu tries in vain to find a spot in the city to be intimate with her boyfriend a trip to a beach town allows them to find a space for their desires to manifest drama romance drama romance nurse roommates meditative nurse roommates meditative kani kusruti divya prabha chhaya kadam hridhu haroon azees nedumangad tintumol joseph anand sami lovleen mishra payal kapadia ml ml
472221,The Goat Life,2024,ml,"Drama, Adventure","Indian migrant worker Najeeb Muhammad goes to Saudi Arabia to earn money. However, in a twist of fate, he finds himself living a slave-like existence, herding goats in the middle of the desert.","based on novel or book, based on true story, missing person, migrant worker, goat life","Prithviraj Sukumaran, K R  Gokul, Jimmy Jean-Louis, Talib Al Balushi, Rik Aby, Robin Das, Amala Paul, Shobha Mohan",Blessy,/l7z3Skv1xLASnUt0whC4IInaXt0.jpg,7.358,74,3.9282,indian migrant worker najeeb muhammad goes to saudi arabia to earn money however in a twist of fate he finds himself living a slave like existence herding goats in the middle of the desert indian migrant worker najeeb muhammad goes to saudi arabia to earn money however in a twist of fate he finds himself living a slave like existence herding goats in the middle of the desert indian migrant worker najeeb muhammad goes to saudi arabia to earn money however in a twist of fate he finds himself living a slave like existence herding goats in the middle of the desert drama adventure drama adventure based on novel or book based on true story missing person migrant worker goat life based on novel or book based on true story missing person migrant worker goat life prithviraj sukumaran k r gokul jimmy jean louis talib al balushi rik aby robin das amala paul shobha mohan blessy ml ml
1290190,Lokah Chapter 1: Chandra,2025,ml,"Action, Adventure, Fantasy","The story follows Chandra, a mysterious, goth-influenced woman who has just moved to Bangalore and begins working night shifts at a café. Across the road from her apartment live Sunny and Venu, two aimless bachelors. Sunny becomes infatuated with Chandra, observing her odd routines, strange visitors, and reclusive nature. Their dynamic changes when Sunny gets a glimpse of Chandra in her act.","female superhero, vampiress (female vampire), supernatural ability, wayfarer cinematic universe (wcu)","Kalyani Priyadarshan, Naslen, Sandy, Chandu Salimkumar, Arun Kurian, Vijayaraghavan, Sarath Sabha, Bibin Perumbily",Dominic Arun,/nRn6is4m5sikO1rSoCoRT2rYtXB.jpg,7.317,71,3.8685,the story follows chandra a mysterious goth influenced woman who has just moved to bangalore and begins working night shifts at a caf across the road from her apartment live sunny and venu two aimless bachelors sunny becomes infatuated with chandra observing her odd routines strange visitors and reclusive nature their dynamic changes when sunny gets a glimpse of chandra in her act the story follows chandra a mysterious goth influenced woman who has just moved to bangalore and begins working night shifts at a caf across the road from her apartment live sunny and venu two aimless bachelors sunny becomes infatuated with chandra observing her odd routines strange visitors and reclusive nature their dynamic changes when sunny gets a glimpse of chandra in her act the story follows chandra a mysterious goth influenced woman who has just moved to bangalore and begins working night shifts at a caf across the road from her apartment live sunny and venu two aimless bachelors sunny becomes infatuated with chandra observing her odd routines strange visitors and reclusive nature their dynamic changes when sunny gets a glimpse of chandra in her act action adventure fantasy action adventure fantasy female superhero vampiress female vampire supernatural ability wayfarer cinematic universe wcu female superhero vampiress female vampire supernatural ability wayfarer cinematic universe wcu kalyani priyadarshan naslen sandy chandu salimkumar arun kurian vijayaraghavan sarath sabha bibin perumbily dominic arun ml ml
1166133,Bramayugam,2024,ml,"Horror, Thriller, Drama","A folk singer in 17th-century Kerala discovers a mansion. Inside, he encounters an enigmatic cook and a powerful master, setting in motion a chain of events that changes his life.","black magic, sorcerer, black and white, witchcraft, dark fantasy, old mansion, folk horror, folktale, haunted mansion, supernatural horror, experimental, arthouse horror, arthouse, fantasy folk","Arjun Ashokan, Mammootty, Sidharth Bharathan, Manikandan Achari, Amalda Liz, Aluva Sheeba Sebastian, Akash Chandran, Rafnas Rafeek",Rahul Sadasivan,/snQLwRrfQAl5YFKVefZq9Lbscki.jpg,7.642,95,3.4751,a folk singer in 17th century kerala discovers a mansion inside he encounters an enigmatic cook and a powerful master setting in motion a chain of events that changes his life a folk singer in 17th century kerala discovers a mansion inside he encounters an enigmatic cook and a powerful master setting in motion a chain of events that changes his life a folk singer in 17th century kerala discovers a mansion inside he encounters an enigmatic cook and a powerful master setting in motion a chain of events that changes his life horror thriller drama horror thriller drama black magic sorcerer black and white witchcraft dark fantasy old mansion folk horror folktale haunted mansion supernatural horror experimental arthouse horror arthouse fantasy folk black magic sorcerer black and white witchcraft dark fantasy old mansion folk horror folktale haunted mansion supernatural horror experimental arthouse horror arthouse fantasy folk arjun ashokan mammootty sidharth bharathan manikandan achari amalda liz aluva sheeba sebastian akash chandran rafnas rafeek rahul sadasivan ml ml
1186350,Marco,2024,ml,"Action, Crime, Thriller","The adoptive son of the Adattu family, Marco, sets off on a ruthless quest for vengeance after his brother is brutally murdered, finding only betrayal, loss and unimaginable brutality at every step.","toxic, revenge killing, family man, shocking, aggressive, blind man, action hero, perfumer, loss of brother, amused, enraged, mikhael extended universe (meu)","Unni Mukundan, Siddique, Ishan Shoukath, Jagadish, Abhimanyu Thilakan, Kabir Duhan Singh, Anson Paul, Ajit Koshy",Haneef Adeni,/il3ao5gcF6fZNqo1o9o7lusmEyU.jpg,6.523,130,3.2665,the adoptive son of the adattu family marco sets off on a ruthless quest for vengeance after his brother is brutally murdered finding only betrayal loss and unimaginable brutality at every step the adoptive son of the adattu family marco sets off on a ruthless quest for vengeance after his brother is brutally murdered finding only betrayal loss and unimaginable brutality at every step the adoptive son of the adattu family marco sets off on a ruthless quest for vengeance after his brother is brutally murdered finding only betrayal loss and unimaginable brutality at every step action crime thriller action crime thriller toxic revenge killing family man shocking aggressive blind man action hero perfumer loss of brother amused enraged mikhael extended universe meu toxic revenge killing family man shocking aggressive blind man action hero perfumer loss of brother amused enraged mikhael extended universe meu unni mukundan siddique ishan shoukath jagadish abhimanyu thilakan kabir duhan singh anson paul ajit koshy haneef adeni ml ml
1149791,Premalu,2024,ml,"Romance, Comedy","Sachin, a carefree graduate, crosses paths with Reenu, a spirited IT professional, in Hyderabad. As their friendship deepens, unspoken feelings, career ambitions and life choices challenge their bond.",romcom,"Naslen, Mamitha Baiju, Sangeeth Prathap, Shyam Mohan, Akhila Bhargavan, Meenakshi Raveendran, Mathew Thomas, Althaf Salim",Girish A. D.,/uPpmBjY3znUqGY8kYwI5xvOrSc0.jpg,7.753,77,3.5484,sachin a carefree graduate crosses paths with reenu a spirited it professional in hyderabad as their friendship deepens unspoken feelings career ambitions and life choices challenge their bond sachin a carefree graduate crosses paths with reenu a spirited it professional in hyderabad as their friendship deepens unspoken feelings career ambitions and life choices challenge their bond sachin a carefree graduate crosses paths with reenu a spirited it professional in hyderabad as their friendship deepens unspoken feelings career ambitions and life choices challenge their bond romance comedy romance comedy romcom romcom naslen mamitha baiju sangeeth prathap shyam mohan akhila bhargavan meenakshi raveendran mathew thomas althaf salim girish a d ml ml
244049,Drishyam,2013,ml,"Thriller, Crime, Drama","Georgekutty lives a happy life with his wife and daughters. Things take a turn when his daughter gets indecently filmed using a hidden camera, by the son of a police inspector.","police, twist, hidden camera, murder, family, death, quarry, cable tv, false evidence, bollywood","Mohanlal, Meena, Asha Sarath, Kalabhavan Shajon, Ansiba Hassan, Esther Anil, Siddique, Roshan Basheer",Jeethu Joseph,/gPBldHTnqpgsrnDnSrAlFwE6Q1t.jpg,7.553,237,3.1271,georgekutty lives a happy life with his wife and daughters things take a turn when his daughter gets indecently filmed using a hidden camera by the son of a police inspector georgekutty lives a happy life with his wife and daughters things take a turn when his daughter gets indecently filmed using a hidden camera by the son of a police inspector georgekutty lives a happy life with his wife and daughters things take a turn when his daughter gets indecently filmed using a hidden camera by the son of a police inspector thriller crime drama thriller crime drama police twist hidden camera murder family death quarry cable tv false evidence bollywood police twist hidden camera murder family death quarry cable tv false evidence bollywood mohanlal meena asha sarath kalabhavan shajon ansiba hassan esther anil siddique roshan basheer jeethu joseph ml ml
1069945,Manjummel Boys,2024,ml,"Adventure, Thriller, Drama","A carefree vacation turns into a desperate race against time when a group of lifelong friends must unite to save one of their own from a notoriously perilous, uncharted abyss deep within the Guna Caves.","affectation, bold, hopeful, joyful","Soubin Shahir, Sreenath Bhasi, Balu Varghese, Ganapathi S. Poduval, Lal Jr., Deepak Parambol, Abhiram Radhakrishnan, Arun Kurian",Chidambaram,/bswrtewwthpsh6nABiqKevU4UBI.jpg,7.88,100,2.5276,a carefree vacation turns into a desperate race against time when a group of lifelong friends must unite to save one of their own from a notoriously perilous uncharted abyss deep within the guna caves a carefree vacation turns into a desperate race against time when a group of lifelong friends must unite to save one of their own from a notoriously perilous uncharted abyss deep within the guna caves a carefree vacation turns into a desperate race against time when a group of lifelong friends must unite to save one of their own from a notoriously perilous uncharted abyss deep within the guna caves adventure thriller drama adventure thriller drama affectation bold hopeful joyful affectation bold hopeful joyful soubin shahir sreenath bhasi balu varghese ganapathi s poduval lal jr deepak parambol abhiram radhakrishnan arun kurian chidambaram ml ml
341895,Premam,2015,ml,"Comedy, Romance","Three stages in George's life, and three girls he encounters in each stage.","dance, bridge, coming of age, teacher, love, tragic love, teenage love, butterfly, nostalgic, college love, casual, awestruck","Nivin Pauly, Madonna Sebastian, Sai Pallavi, Anupama Parameswaran, Shabareesh Varma, Krishna Shankar, Soubin Shahir, Vinay Forrt",Alphonse Puthren,/wfMgsfDrtouYOM6MbrkHtU96Xij.jpg,7.595,131,2.3606,three stages in george s life and three girls he encounters in each stage three stages in george s life and three girls he encounters in each stage three stages in george s life and three girls he encounters in each stage comedy romance comedy romance dance bridge coming of age teacher love tragic love teenage love butterfly nostalgic college love casual awestruck dance bridge coming of age teacher love tragic love teenage love butterfly nostalgic college love casual awestruck nivin pauly madonna sebastian sai pallavi anupama parameswaran shabareesh varma krishna shankar soubin shahir vinay forrt alphonse puthren ml ml
657644,Minnal Murali,2021,ml,"Action, Comedy, Fantasy",A tailor gains special powers after being struck by lightning but must take down an unexpected foe if he is to become the superhero his hometown in Kerala needs.,"superhero, supervillain, weekend cinematic universe (wcu)","Tovino Thomas, Guru Somasundaram, Aju Varghese, Vasisht Umesh, Shelly Kishore, Femina George, P Balachandran, Harisree Ashokan",Basil Joseph,/efetKFDyptrRpoHBb103Tg3Auw5.jpg,7.168,352,2.3907,a tailor gains special powers after being struck by lightning but must take down an unexpected foe if he is to become the superhero his hometown in kerala needs a tailor gains special powers after being struck by lightning but must take down an unexpected foe if he is to become the superhero his hometown in kerala needs a tailor gains special powers after being struck by lightning but must take down an unexpected foe if he is to become the superhero his hometown in kerala needs action comedy fantasy action comedy fantasy superhero supervillain weekend cinematic universe wcu superhero supervillain weekend cinematic universe wcu tovino thomas guru somasundaram aju varghese vasisht umesh shelly kishore femina george p balachandran harisree ashokan basil joseph ml ml
585261,Virus,2019,ml,"Drama, Thriller","A real life account of the deadly Nipah virus outbreak in Kerala, and the courageous fight put on by several individuals which helped to contain the epidemic.","based on true story, virus, kerala","Kunchacko Boban, Tovino Thomas, Asif Ali, Madonna Sebastian, Parvathy Thiruvothu, Sreenath Bhasi, Joju George, Revathi",Aashiq Abu,/fd8BJ1j5BzaC9McYRW98PmeqkHo.jpg,7.408,65,1.9003,a real life account of the deadly nipah virus outbreak in kerala and the courageous fight put on by several individuals which helped to contain the epidemic a real life account of the deadly nipah virus outbreak in kerala and the courageous fight put on by several individuals which helped to contain the epidemic a real life account of the deadly nipah virus outbreak in kerala and the courageous fight put on by several individuals which helped to contain the epidemic drama thriller drama thriller based on true story virus kerala based on true story virus kerala kunchacko boban tovino thomas asif ali madonna sebastian parvathy thiruvothu sreenath bhasi joju george revathi aashiq abu ml ml
706872,Drishyam 2,2021,ml,"Thriller, Crime, Drama","Seven years after the events of the first film, the family lives with the trauma from that fateful night. A gripping tale of an investigation and a family threatened by it. Will Georgekutty be able to protect his family this time?","perfect crime, investigation, sequel","Mohanlal, Meena, Murali Gopy, Asha Sarath, Siddique, Anjali P Nair, Esther Anil, Ansiba Hassan",Jeethu Joseph,/8RJBCUGE27LX06tAES4jTELN0KA.jpg,7.648,152,2.3559,seven years after the events of the first film the family lives with the trauma from that fateful night a gripping tale of an investigation and a family threatened by it will georgekutty be able to protect his family this time seven years after the events of the first film the family lives with the trauma from that fateful night a gripping tale of an investigation and a family threatened by it will georgekutty be able to protect his family this time seven years after the events of the first film the family lives with the trauma from that fateful night a gripping tale of an investigation and a family threatened by it will georgekutty be able to protect his family this time thriller crime drama thriller crime drama perfect crime investigation sequel perfect crime investigation sequel mohanlal meena murali gopy asha sarath siddique anjali p nair esther anil ansiba hassan jeethu joseph ml ml
564701,Lucifer,2019,ml,"Action, Drama, Thriller","In God's own country, the supreme leader of the ruling party dies, leaving a huge vacuum, not only in the electoral and leadership sphere of the party but also that of the state. In the inevitable succession squabble and the power struggle that ensues, the thin line that separates good and bad becomes irrecoverably blurred and out of this seemingly endless mayhem, emerge forces that are hitherto unheard of.",,"Mohanlal, Vivek Oberoi, Manju Warrier, Tovino Thomas, Indrajith Sukumaran, Saniya Iyyappan, Saikumar, Kalabhavan Shajon",Prithviraj Sukumaran,/fXgY2RCzoIJPhPDoyKRjaaqjIZs.jpg,7.084,83,1.9273,in god s own country the supreme leader of the ruling party dies leaving a huge vacuum not only in the electoral and leadership sphere of the party but also that of the state in the inevitable succession squabble and the power struggle that ensues the thin line that separates good and bad becomes irrecoverably blurred and out of this seemingly endless mayhem emerge forces that are hitherto unheard of in god s own country the supreme leader of the ruling party dies leaving a huge vacuum not only in the electoral and leadership sphere of the party but also that of the state in the inevitable succession squabble and the power struggle that ensues the thin line that separates good and bad becomes irrecoverably blurred and out of this seemingly endless mayhem emerge forces that are hitherto unheard of in god s own country the supreme leader of the ruling party dies leaving a huge vacuum not only in the electoral and leadership sphere of the party but also that of the state in the inevitable succession squabble and the power struggle that ensues the thin line that separates good and bad becomes irrecoverably blurred and out of this seemingly endless mayhem emerge forces that are hitherto unheard of action drama thriller action drama thriller   mohanlal vivek oberoi manju warrier tovino thomas indrajith sukumaran saniya iyyappan saikumar kalabhavan shajon prithviraj sukumaran ml ml
268660,Bangalore Days,2014,ml,"Drama, Family, Romance","A fun roller coaster ride about three young people, Aju, Divya and Kuttan who are cousins, reach Bangalore to dream, discover & explore!","husband wife relationship, marriage, cousin, motorcycle crash, india, woman director, kerala, bangalore, bike racing, sincere","Nazriya Nazim, Nivin Pauly, Dulquer Salmaan, Fahadh Faasil, Parvathy Thiruvothu, Nithya Menen, Isha Talwar, Vijayaraghavan",Anjali Menon,/iFMyZw1DTGvZ8hPa0eTseSFiRT1.jpg,7.6,148,1.8081,a fun roller coaster ride about three young people aju divya and kuttan who are cousins reach bangalore to dream discover explore a fun roller coaster ride about three young people aju divya and kuttan who are cousins reach bangalore to dream discover explore a fun roller coaster ride about three young people aju divya and kuttan who are cousins reach bangalore to dream discover explore drama family romance drama family romance husband wife relationship marriage cousin motorcycle crash india woman director kerala bangalore bike racing sincere husband wife relationship marriage cousin motorcycle crash india woman director kerala bangalore bike racing sincere nazriya nazim nivin pauly dulquer salmaan fahadh faasil parvathy thiruvothu nithya menen isha talwar vijayaraghavan anjali menon ml ml
792358,Jana Gana Mana,2022,ml,"Crime, Thriller, Drama","After the mysterious death of a college professor triggers nationwide protests, a police officer’s pursuit of justice unravels layers of political manipulation and moral conflict, exposing how truth and power collide in the pursuit of justice.","court case, jgm","Prithviraj Sukumaran, Suraj Venjaramoodu, Mamta Mohandas, Vincy Aloshious, Shari, Sri Divya, Shammi Thilakan, Kitty",Dijo Jose Antony,/1bSPVn6HlkGYTQ4tJYJ0UGWnQM9.jpg,7.342,79,1.7586,after the mysterious death of a college professor triggers nationwide protests a police officer s pursuit of justice unravels layers of political manipulation and moral conflict exposing how truth and power collide in the pursuit of justice after the mysterious death of a college professor triggers nationwide protests a police officer s pursuit of justice unravels layers of political manipulation and moral conflict exposing how truth and power collide in the pursuit of justice after the mysterious death of a college professor triggers nationwide protests a police officer s pursuit of justice unravels layers of political manipulation and moral conflict exposing how truth and power collide in the pursuit of justice crime thriller drama crime thriller drama court case jgm court case jgm prithviraj sukumaran suraj venjaramoodu mamta mohandas vincy aloshious shari sri divya shammi thilakan kitty dijo jose antony ml ml
785585,Kurup,2021,ml,"Thriller, Crime",The Film is based on the infamous 'Charlie Murder Case' in the Indian State of Kerala where the main culprit Sukumara Kurup has been on the run for decades and is still not been caught. The story revolves around the perspective of Sukumara Kurup and the Police officers who were investigating the case.,,"Dulquer Salmaan, Sobhita Dhulipala, Indrajith Sukumaran, Tovino Thomas, Shine Tom Chacko, Sunny Wayne, P Balachandran, M R Gopakumar",Srinath Rajendran,/7DUKMFykp7pNpppbf8M6YDWrTYb.jpg,6.367,64,2.157,the film is based on the infamous charlie murder case in the indian state of kerala where the main culprit sukumara kurup has been on the run for decades and is still not been caught the story revolves around the perspective of sukumara kurup and the police officers who were investigating the case the film is based on the infamous charlie murder case in the indian state of kerala where the main culprit sukumara kurup has been on the run for decades and is still not been caught the story revolves around the perspective of sukumara kurup and the police officers who were investigating the case the film is based on the infamous charlie murder case in the indian state of kerala where the main culprit sukumara kurup has been on the run for decades and is still not been caught the story revolves around the perspective of sukumara kurup and the police officers who were investigating the case thriller crime thriller crime   dulquer salmaan sobhita dhulipala indrajith sukumaran tovino thomas shine tom chacko sunny wayne p balachandran m r gopakumar srinath rajendran ml ml
1025125,Kishkindha Kaandam,2024,ml,"Thriller, Mystery, Drama, Adventure","Strange events unfold in a monkey-inhabited village, driving a newlywed couple and forest officials to embark on a mission to uncover the root of the unusual disturbances.",,"Asif Ali, Aparna Balamurali, Vijayaraghavan, Vyshnavi Raj, Ashokan, Jagadish, Nizhalgal Ravi, Major Ravi",Dinjith Ayyathan,/rniBYHDRs6e8qMkPr4D4ZE5uMhF.jpg,7.71,62,1.9292,strange events unfold in a monkey inhabited village driving a newlywed couple and forest officials to embark on a mission to uncover the root of the unusual disturbances strange events unfold in a monkey inhabited village driving a newlywed couple and forest officials to embark on a mission to uncover the root of the unusual disturbances strange events unfold in a monkey inhabited village driving a newlywed couple and forest officials to embark on a mission to uncover the root of the unusual disturbances thriller mystery drama adventure thriller mystery drama adventure   asif ali aparna balamurali vijayaraghavan vyshnavi raj ashokan jagadish nizhalgal ravi major ravi dinjith ayyathan ml ml
866440,2018,2023,ml,"Thriller, Action, Adventure",A disaster film set during the 2018 Kerala Floods where people from all walks of life faced catastrophic consequences and put in collective efforts to survive the calamity.,kerala flood,"Tovino Thomas, Kunchacko Boban, Narain, Asif Ali, Lal, Vineeth Sreenivasan, Aju Varghese, Aparna Balamurali",Jude Anthany Joseph,/uz9qc6lNGyqS2xvuXUfpJh2eP6b.jpg,7.596,57,1.6808,a disaster film set during the 2018 kerala floods where people from all walks of life faced catastrophic consequences and put in collective efforts to survive the calamity a disaster film set during the 2018 kerala floods where people from all walks of life faced catastrophic consequences and put in collective efforts to survive the calamity a disaster film set during the 2018 kerala floods where people from all walks of life faced catastrophic consequences and put in collective efforts to survive the calamity thriller action adventure thriller action adventure kerala flood kerala flood tovino thomas kunchacko boban narain asif ali lal vineeth sreenivasan aju varghese aparna balamurali jude anthany joseph ml ml
84368,Manichitrathazhu,1993,ml,"Horror, Comedy, Mystery","A young couple, Ganga and Nakulan, arrives at the ancestral home called Madampalli of the latter. Hailing from a family that follows tradition and superstitions, Nakulan's uncle Thampi objects to the couple's idea of moving into the allegedly haunted mansion, which Nakulan ignores. The couple moves in anyway following which seemingly supernatural events begin to happen.","dancer, room, palace, sorcerer, psychiatrist, ghost, multiple personality, myth, multiple personality disorder, psychological horror, comedy horror","Shobana, Mohanlal, Suresh Gopi, Nedumudi Venu, Vinaya Prasad, Innocent, Sudheesh, KPAC Lalitha",Fazil,/5YccrqvJFTfAVyEZp08I3fLx15y.jpg,7.563,96,1.735,a young couple ganga and nakulan arrives at the ancestral home called madampalli of the latter hailing from a family that follows tradition and superstitions nakulan s uncle thampi objects to the couple s idea of moving into the allegedly haunted mansion which nakulan ignores the couple moves in anyway following which seemingly supernatural events begin to happen a young couple ganga and nakulan arrives at the ancestral home called madampalli of the latter hailing from a family that follows tradition and superstitions nakulan s uncle thampi objects to the couple s idea of moving into the allegedly haunted mansion which nakulan ignores the couple moves in anyway following which seemingly supernatural events begin to happen a young couple ganga and nakulan arrives at the ancestral home called madampalli of the latter hailing from a family that follows tradition and superstitions nakulan s uncle thampi objects to the couple s idea of moving into the allegedly haunted mansion which nakulan ignores the couple moves in anyway following which seemingly supernatural events begin to happen horror comedy mystery horror comedy mystery dancer room palace sorcerer psychiatrist ghost multiple personality myth multiple personality disorder psychological horror comedy horror dancer room palace sorcerer psychiatrist ghost multiple personality myth multiple personality disorder psychological horror comedy horror shobana mohanlal suresh gopi nedumudi venu vinaya prasad innocent sudheesh kpac lalitha fazil ml ml
353501,Pulimurugan,2016,ml,"Action, Adventure","Murugan, with his tools and expertise, protects Puliyoor's villagers from deadly tiger attacks. However, Daddy, an illegal drugs dealer, takes advantage of Murugan's innocence and wrongly frames him.","sibling relationship, hunter, tiger, fighter, lorry, forest, ranger, illegal drugs, village chief","Mohanlal, Jagapati Babu, Lal, Vinu Mohan, Bala, Suraj Venjaramoodu, Kishore, Kamalinee Mukherjee",Vysakh,/onl4KNQ9Bso4sNRb3uM6RkRcVuj.jpg,6.2,65,1.8746,murugan with his tools and expertise protects puliyoor s villagers from deadly tiger attacks however daddy an illegal drugs dealer takes advantage of murugan s innocence and wrongly frames him murugan with his tools and expertise protects puliyoor s villagers from deadly tiger attacks however daddy an illegal drugs dealer takes advantage of murugan s innocence and wrongly frames him murugan with his tools and expertise protects puliyoor s villagers from deadly tiger attacks however daddy an illegal drugs dealer takes advantage of murugan s innocence and wrongly frames him action adventure action adventure sibling relationship hunter tiger fighter lorry forest ranger illegal drugs village chief sibling relationship hunter tiger fighter lorry forest ranger illegal drugs village chief mohanlal jagapati babu lal vinu mohan bala suraj venjaramoodu kishore kamalinee mukherjee vysakh ml ml
204261,ABCD: American-Born Confused Desi,2013,ml,Comedy,"The story revolves around two spoiled youngsters, Jones and his cousin Korah and the turn of events during their vacation.","new love, gangster, rebel, vacation, collage, american, kerala, naxalites","Dulquer Salmaan, Jacob Gregory, Aparna Gopinath, Tovino Thomas, Lalu Alex, Sajini Sachariah, Vijayaraghavan, S.P. Sreekumar",Martin Prakkat,/87iukoelBql5w3PIibajvcr7MTR.jpg,7.029,51,1.8287,the story revolves around two spoiled youngsters jones and his cousin korah and the turn of events during their vacation the story revolves around two spoiled youngsters jones and his cousin korah and the turn of events during their vacation the story revolves around two spoiled youngsters jones and his cousin korah and the turn of events during their vacation comedy comedy new love gangster rebel vacation collage american kerala naxalites new love gangster rebel vacation collage american kerala naxalites dulquer salmaan jacob gregory aparna gopinath tovino thomas lalu alex sajini sachariah vijayaraghavan s p sreekumar martin prakkat ml ml
1084812,Aavesham,2024,ml,"Comedy, Action",Three college freshmen in Bangalore befriend an eccentric gangster to get revenge on their senior bullies.,,"Fahadh Faasil, Hipster, Mithun Jai Sankar, Roshan Shanavas, Sajin Gopu, Midhun Midhutty, Krishna Kumar, Freestyle Krishna",Jithu Madhavan,/k5RWPaNjgRcNvGoawYaQHQwyctI.jpg,7.472,109,2.1607,three college freshmen in bangalore befriend an eccentric gangster to get revenge on their senior bullies three college freshmen in bangalore befriend an eccentric gangster to get revenge on their senior bullies three college freshmen in bangalore befriend an eccentric gangster to get revenge on their senior bullies comedy action comedy action   fahadh faasil hipster mithun jai sankar roshan shanavas sajin gopu midhun midhutty krishna kumar freestyle krishna jithu madhavan ml ml
190742,Neram,2013,ml,"Comedy, Thriller, Drama, Action","Mathew is a graduate in software engineering, but is now jobless. He is waiting for his good time to get a good job. Mathew has borrowed some money as loan. Now he cannot give it back as he has no job.  Mathew's childhood friend Jeena Johnykkutty is ready to help him as she could. She has a job. Her father Johnykkutty does not like Mathew and he always tries to trouble Mathew whenever he gets a chance.  At this time Mathew's good time arrives; but along with it many problems too. The gripping events that follow plot the rest of 'Neram'.","robber, dark comedy, girlfriend, loan, jobless, nostalgic, it professional, excited","Nivin Pauly, Nazriya Nazim, Bobby Simha, Krishna Shankar, Ananth Nag, Lalu Alex, Thambi Ramaiah, Shammi Thilakan",Alphonse Puthren,/cA5OgwysDaFmMGeEjUEG59aVoMs.jpg,7.192,52,1.5662,mathew is a graduate in software engineering but is now jobless he is waiting for his good time to get a good job mathew has borrowed some money as loan now he cannot give it back as he has no job mathew s childhood friend jeena johnykkutty is ready to help him as she could she has a job her father johnykkutty does not like mathew and he always tries to trouble mathew whenever he gets a chance at this time mathew s good time arrives but along with it many problems too the gripping events that follow plot the rest of neram mathew is a graduate in software engineering but is now jobless he is waiting for his good time to get a good job mathew has borrowed some money as loan now he cannot give it back as he has no job mathew s childhood friend jeena johnykkutty is ready to help him as she could she has a job her father johnykkutty does not like mathew and he always tries to trouble mathew whenever he gets a chance at this time mathew s good time arrives but along with it many problems too the gripping events that follow plot the rest of neram mathew is a graduate in software engineering but is now jobless he is waiting for his good time to get a good job mathew has borrowed some money as loan now he cannot give it back as he has no job mathew s childhood friend jeena johnykkutty is ready to help him as she could she has a job her father johnykkutty does not like mathew and he always tries to trouble mathew whenever he gets a chance at this time mathew s good time arrives but along with it many problems too the gripping events that follow plot the rest of neram comedy thriller drama action comedy thriller drama action robber dark comedy girlfriend loan jobless nostalgic it professional excited robber dark comedy girlfriend loan jobless nostalgic it professional excited nivin pauly nazriya nazim bobby simha krishna shankar ananth nag lalu alex thambi ramaiah shammi thilakan alphonse puthren ml ml
997391,RDX: Robert Dony Xavier,2023,ml,"Action, Drama","Once-menacing, anger fueled, trained martial arts fighters Robert, Dony and Xavier settle down to peaceful lives, after a significant event prompts them. Fate orchestrates their reunion and return from exile to their fighting ways, when their history linger ominously and one of them faces a violent attack.",,"Shane Nigam, Antony Varghese, Neeraj Madhav, Lal, Babu Antony, Baiju Santhosh, Maala Parvathi, Mahima Nambiar",Nahas Hidayath,/y6QRQ0bHGt9Wc1BBTZsa1iB2PAm.jpg,6.708,65,1.424,once menacing anger fueled trained martial arts fighters robert dony and xavier settle down to peaceful lives after a significant event prompts them fate orchestrates their reunion and return from exile to their fighting ways when their history linger ominously and one of them faces a violent attack once menacing anger fueled trained martial arts fighters robert dony and xavier settle down to peaceful lives after a significant event prompts them fate orchestrates their reunion and return from exile to their fighting ways when their history linger ominously and one of them faces a violent attack once menacing anger fueled trained martial arts fighters robert dony and xavier settle down to peaceful lives after a significant event prompts them fate orchestrates their reunion and return from exile to their fighting ways when their history linger ominously and one of them faces a violent attack action drama action drama   shane nigam antony varghese neeraj madhav lal babu antony baiju santhosh maala parvathi mahima nambiar nahas hidayath ml ml
209419,Neelakasham Pachakadal Chuvanna Bhoomi,2013,ml,"Adventure, Thriller, Romance","Kasi and Suni are close friends who studied together in an engineering college. Assi, who comes to Kerala to study engineering under the North East quota falls in love with Kasi. Certain incidents that follow set Kasi and Suni on a road trip to Nagaland on two motorcycles. The incidents that happen during this road adventure forms the film.","strike, himalaya mountain range, marriage, college, biker, road trip, romance, bike, finding love","Dulquer Salmaan, Sunny Wayne, Bala Hijam, Ena Saha, Dhritiman Chatterjee, Shane Nigam, Joy Mathew, Vanitha Krishnachandran",Sameer Thahir,/yKvrZ53FBY9EzH2kLy4KdeyPpub.jpg,7.0,51,1.3522,kasi and suni are close friends who studied together in an engineering college assi who comes to kerala to study engineering under the north east quota falls in love with kasi certain incidents that follow set kasi and suni on a road trip to nagaland on two motorcycles the incidents that happen during this road adventure forms the film kasi and suni are close friends who studied together in an engineering college assi who comes to kerala to study engineering under the north east quota falls in love with kasi certain incidents that follow set kasi and suni on a road trip to nagaland on two motorcycles the incidents that happen during this road adventure forms the film kasi and suni are close friends who studied together in an engineering college assi who comes to kerala to study engineering under the north east quota falls in love with kasi certain incidents that follow set kasi and suni on a road trip to nagaland on two motorcycles the incidents that happen during this road adventure forms the film adventure thriller romance adventure thriller romance strike himalaya mountain range marriage college biker road trip romance bike finding love strike himalaya mountain range marriage college biker road trip romance bike finding love dulquer salmaan sunny wayne bala hijam ena saha dhritiman chatterjee shane nigam joy mathew vanitha krishnachandran sameer thahir ml ml
976121,Romancham,2023,ml,"Horror, Comedy","Set in 2007, in the outskirts of Bengaluru, A game of Ouija board goes hilariously wrong when seven bachelors unexpectedly invite a spirit and try to make the best out of the situation.",,"Soubin Shahir, Arjun Ashokan, Chemban Vinod Jose, Sajin Gopu, Siju Sunny, Afzal P H, Abin Bino, Jagadeesh Kumar",Jithu Madhavan,/9p8ux2AGYn3U2mEAbKmizAh6PL1.jpg,7.356,59,1.6394,set in 2007 in the outskirts of bengaluru a game of ouija board goes hilariously wrong when seven bachelors unexpectedly invite a spirit and try to make the best out of the situation set in 2007 in the outskirts of bengaluru a game of ouija board goes hilariously wrong when seven bachelors unexpectedly invite a spirit and try to make the best out of the situation set in 2007 in the outskirts of bengaluru a game of ouija board goes hilariously wrong when seven bachelors unexpectedly invite a spirit and try to make the best out of the situation horror comedy horror comedy   soubin shahir arjun ashokan chemban vinod jose sajin gopu siju sunny afzal p h abin bino jagadeesh kumar jithu madhavan ml ml
217389,Memories,2013,ml,"Crime, Thriller","Sam Alex, a former police officer haunted by the tragic loss of his family, drowns his grief in alcohol until duty calls him back. When a string of eerily similar murders emerges, he’s forced to confront both the case and the ghosts of his past.","murder, serial killer, memory, terrorism, psychic, alcoholic","Prithviraj Sukumaran, Miya George, Nedumudi Venu, Meghana Raj, Vijayaraghavan, Rahul Madhav, Suresh Krishna, S.P. Sreekumar",Jeethu Joseph,/uyj5Yg0ricQTB9UZzd4ZDRYV9NF.jpg,7.059,51,1.4896,sam alex a former police officer haunted by the tragic loss of his family drowns his grief in alcohol until duty calls him back when a string of eerily similar murders emerges he s forced to confront both the case and the ghosts of his past sam alex a former police officer haunted by the tragic loss of his family drowns his grief in alcohol until duty calls him back when a string of eerily similar murders emerges he s forced to confront both the case and the ghosts of his past sam alex a former police officer haunted by the tragic loss of his family drowns his grief in alcohol until duty calls him back when a string of eerily similar murders emerges he s forced to confront both the case and the ghosts of his past crime thriller crime thriller murder serial killer memory terrorism psychic alcoholic murder serial killer memory terrorism psychic alcoholic prithviraj sukumaran miya george nedumudi venu meghana raj vijayaraghavan rahul madhav suresh krishna s p sreekumar jeethu joseph ml ml
117751,Ustad Hotel,2012,ml,"Drama, Comedy","When his father refuses to support his choice of a career, an aspiring chef tries to fulfil his dream by helping his grandfather run his small eatery.","hotel, van, passport, food, chef, band singer, social services","Dulquer Salmaan, Thilakan, Nithya Menen, Siddique, Mamukkoya, Jayaprakash, Praveena, Maniyanpilla Raju",Anwar Rasheed,/88QYspKRArRutF3t0Bzj0JYFlcI.jpg,7.539,115,1.2615,when his father refuses to support his choice of a career an aspiring chef tries to fulfil his dream by helping his grandfather run his small eatery when his father refuses to support his choice of a career an aspiring chef tries to fulfil his dream by helping his grandfather run his small eatery when his father refuses to support his choice of a career an aspiring chef tries to fulfil his dream by helping his grandfather run his small eatery drama comedy drama comedy hotel van passport food chef band singer social services hotel van passport food chef band singer social services dulquer salmaan thilakan nithya menen siddique mamukkoya jayaprakash praveena maniyanpilla raju anwar rasheed ml ml
590077,Trance,2020,ml,"Thriller, Drama",A disheartened motivational speaker gets hired by a corporate to become a preacher until his live stint on television puts him and his service under the scanner.,blind faith,"Fahadh Faasil, Nazriya Nazim, Dileesh Pothan, Gautham Vasudev Menon, Chemban Vinod Jose, Vinayakan, Soubin Shahir, Sreenath Bhasi",Anwar Rasheed,/jur8vAsFMtwxqyAngXeXKZnqMSe.jpg,6.75,66,1.5339,a disheartened motivational speaker gets hired by a corporate to become a preacher until his live stint on television puts him and his service under the scanner a disheartened motivational speaker gets hired by a corporate to become a preacher until his live stint on television puts him and his service under the scanner a disheartened motivational speaker gets hired by a corporate to become a preacher until his live stint on television puts him and his service under the scanner thriller drama thriller drama blind faith blind faith fahadh faasil nazriya nazim dileesh pothan gautham vasudev menon chemban vinod jose vinayakan soubin shahir sreenath bhasi anwar rasheed ml ml
459719,Thondimuthalum Driksakshiyum,2017,ml,"Comedy, Drama, Thriller",Prasad and Sreeja are a couple planning to set up a new life in Kasargod. On a bus journey they end up being robbed by a thief also named Prasad and this lands them up in a police station.,"married couple, bus, robber, witness, thief, police station","Fahadh Faasil, Suraj Venjaramoodu, Nimisha Sajayan, Alencier Ley Lopez, Vettukili Prakash, Mini K.S, Sibi Thomas, Unnimaya Prasad",Dileesh Pothan,/ki1EguwPuXM1t4UTDuaBqD8BLJi.jpg,7.161,63,1.3351,prasad and sreeja are a couple planning to set up a new life in kasargod on a bus journey they end up being robbed by a thief also named prasad and this lands them up in a police station prasad and sreeja are a couple planning to set up a new life in kasargod on a bus journey they end up being robbed by a thief also named prasad and this lands them up in a police station prasad and sreeja are a couple planning to set up a new life in kasargod on a bus journey they end up being robbed by a thief also named prasad and this lands them up in a police station comedy drama thriller comedy drama thriller married couple bus robber witness thief police station married couple bus robber witness thief police station fahadh faasil suraj venjaramoodu nimisha sajayan alencier ley lopez vettukili prakash mini k s sibi thomas unnimaya prasad dileesh pothan ml ml
657996,Ayyappanum Koshiyum,2020,ml,"Action, Thriller, Crime","Ayyappan, a police officer, is an upright man who always strives to do the right thing. However, things change when a retired army havildar, Koshy, settles in his village and the two egos clash.",male egos,"Prithviraj Sukumaran, Biju Menon, Anil Nedumangad, Ranjith, Gowry Nandha, Anna Reshma Rajan, Sabumon Abdusamad, Anu Mohan",Sachy,/iwmh53N9oPUiCQBZdBWdiB1kur2.jpg,7.633,75,1.5604,ayyappan a police officer is an upright man who always strives to do the right thing however things change when a retired army havildar koshy settles in his village and the two egos clash ayyappan a police officer is an upright man who always strives to do the right thing however things change when a retired army havildar koshy settles in his village and the two egos clash ayyappan a police officer is an upright man who always strives to do the right thing however things change when a retired army havildar koshy settles in his village and the two egos clash action thriller crime action thriller crime male egos male egos prithviraj sukumaran biju menon anil nedumangad ranjith gowry nandha anna reshma rajan sabumon abdusamad anu mohan sachy ml ml
653221,Hridayam,2022,ml,"Romance, Drama","Arun and Darshana are first-year engineering students and they fall in love soon after their college begins. And just as how things work generally in teenage, the road ahead isn't too easy for them. Life offers many twists and turns that they least expect.",,"Pranav Mohanlal, Darshana Rajendran, Kalyani Priyadarshan, Aswath Lal, Vijayaraghavan, Arun Kurian, Aju Varghese, Athul Ram Kumar",Vineeth Sreenivasan,/rMNzpbruCuBmYPWhaNLrKOlNKcu.jpg,7.179,67,1.2779,arun and darshana are first year engineering students and they fall in love soon after their college begins and just as how things work generally in teenage the road ahead isn t too easy for them life offers many twists and turns that they least expect arun and darshana are first year engineering students and they fall in love soon after their college begins and just as how things work generally in teenage the road ahead isn t too easy for them life offers many twists and turns that they least expect arun and darshana are first year engineering students and they fall in love soon after their college begins and just as how things work generally in teenage the road ahead isn t too easy for them life offers many twists and turns that they least expect romance drama romance drama   pranav mohanlal darshana rajendran kalyani priyadarshan aswath lal vijayaraghavan arun kurian aju varghese athul ram kumar vineeth sreenivasan ml ml
381691,Maheshinte Prathikaaram,2016,ml,"Comedy, Drama","Mahesh, a studio photographer and owner of the studio. As the story moves on, Mahesh encounters an anonymous fight ending up with taking revenge that leads to certain realizations in his life.","kung fu, photographer, photography, village, romance, magazine, revenge, vow","Fahadh Faasil, Anusree Nair, Aparna Balamurali, Alencier Ley Lopez, Jaffer Idukki, Dileesh Pothan, Soubin Shahir, Sujith Sankar",Dileesh Pothan,/hmK9QUWpOaSs1H7tarzlMNqT60H.jpg,7.7,76,1.2643,mahesh a studio photographer and owner of the studio as the story moves on mahesh encounters an anonymous fight ending up with taking revenge that leads to certain realizations in his life mahesh a studio photographer and owner of the studio as the story moves on mahesh encounters an anonymous fight ending up with taking revenge that leads to certain realizations in his life mahesh a studio photographer and owner of the studio as the story moves on mahesh encounters an anonymous fight ending up with taking revenge that leads to certain realizations in his life comedy drama comedy drama kung fu photographer photography village romance magazine revenge vow kung fu photographer photography village romance magazine revenge vow fahadh faasil anusree nair aparna balamurali alencier ley lopez jaffer idukki dileesh pothan soubin shahir sujith sankar dileesh pothan ml ml
430521,Take Off,2017,ml,"Drama, Thriller, War","A group of Malayali nurses stranded in Iraq, must survive their capture by the extremists and reach out to the rescue team headed by the Indian government.","airport, nurse, rescue mission, iraq, hospital, terrorist attack, isis (daesh), indian ambassador","Kunchacko Boban, Parvathy Thiruvothu, Fahadh Faasil, Divya Prabha, Prakash Belawadi, Eric Zachariah, Maala Parvathi, Anjali P Nair",Mahesh Narayanan,/t8Sp0gyC0dLdzrHoZ4Knh78p5GE.jpg,7.327,54,1.2458,a group of malayali nurses stranded in iraq must survive their capture by the extremists and reach out to the rescue team headed by the indian government a group of malayali nurses stranded in iraq must survive their capture by the extremists and reach out to the rescue team headed by the indian government a group of malayali nurses stranded in iraq must survive their capture by the extremists and reach out to the rescue team headed by the indian government drama thriller war drama thriller war airport nurse rescue mission iraq hospital terrorist attack isis daesh indian ambassador airport nurse rescue mission iraq hospital terrorist attack isis daesh indian ambassador kunchacko boban parvathy thiruvothu fahadh faasil divya prabha prakash belawadi eric zachariah maala parvathi anjali p nair mahesh narayanan ml ml
257160,Ohm Shanthi Oshaana,2014,ml,"Comedy, Romance","Pooja Mathew, a spirited young girl, wants to have a love marriage in her life. Thus, she stops at nothing to impress Giri, who saved her once from a group of unruly men.","kung fu, poem, rebel, nostalgia, doctor, bike, teenage love","Nazriya Nazim, Nivin Pauly, Renji Panicker, Vineeth Sreenivasan, Aju Varghese, Vinaya Prasad, Lal Jose, Shobha Mohan",Jude Anthany Joseph,/9LmzSER1JP1dTqBf0eUnaeOE4Wb.jpg,7.319,58,1.4797,pooja mathew a spirited young girl wants to have a love marriage in her life thus she stops at nothing to impress giri who saved her once from a group of unruly men pooja mathew a spirited young girl wants to have a love marriage in her life thus she stops at nothing to impress giri who saved her once from a group of unruly men pooja mathew a spirited young girl wants to have a love marriage in her life thus she stops at nothing to impress giri who saved her once from a group of unruly men comedy romance comedy romance kung fu poem rebel nostalgia doctor bike teenage love kung fu poem rebel nostalgia doctor bike teenage love nazriya nazim nivin pauly renji panicker vineeth sreenivasan aju varghese vinaya prasad lal jose shobha mohan jude anthany joseph ml ml
372297,Charlie,2015,ml,"Drama, Romance","A young, nonconforming woman named Tessa gets entangled in a cat-and-mouse chase in the by-lanes of Kerala, hunting for a mysterious artist who previously lived in her apartment.","arts, comic book, love, jinn, fake death, hippy, old-age home, munnar, thrissur pooram","Dulquer Salmaan, Parvathy Thiruvothu, Aparna Gopinath, Chemban Vinod Jose, Nedumudi Venu, Kalpana, Soubin Shahir, Tovino Thomas",Martin Prakkat,/kQo30LL8punEsJu5kMZzJydQYJo.jpg,7.596,89,1.2436,a young nonconforming woman named tessa gets entangled in a cat and mouse chase in the by lanes of kerala hunting for a mysterious artist who previously lived in her apartment a young nonconforming woman named tessa gets entangled in a cat and mouse chase in the by lanes of kerala hunting for a mysterious artist who previously lived in her apartment a young nonconforming woman named tessa gets entangled in a cat and mouse chase in the by lanes of kerala hunting for a mysterious artist who previously lived in her apartment drama romance drama romance arts comic book love jinn fake death hippy old age home munnar thrissur pooram arts comic book love jinn fake death hippy old age home munnar thrissur pooram dulquer salmaan parvathy thiruvothu aparna gopinath chemban vinod jose nedumudi venu kalpana soubin shahir tovino thomas martin prakkat ml ml
786064,The Great Indian Kitchen,2021,ml,Drama,"After marriage, a woman struggles to be the submissive wife that her husband and his family expect her to be.","cooking, womanhood, couple, indian cuisine","Nimisha Sajayan, Suraj Venjaramoodu, Ajitha V M, T. Suresh Babu, Ramadevi Kannanchery, Sidhartha Siva, Anupama V. P., Nishitha Kallingal",Jeo Baby,/4jgiaVOGD8sTjWlwBdx8q5JMJM3.jpg,7.571,56,1.4371,after marriage a woman struggles to be the submissive wife that her husband and his family expect her to be after marriage a woman struggles to be the submissive wife that her husband and his family expect her to be after marriage a woman struggles to be the submissive wife that her husband and his family expect her to be drama drama cooking womanhood couple indian cuisine cooking womanhood couple indian cuisine nimisha sajayan suraj venjaramoodu ajitha v m t suresh babu ramadevi kannanchery sidhartha siva anupama v p nishitha kallingal jeo baby ml ml
398786,Kammatti Paadam,2016,ml,"Drama, Action","Krishnan, who has been living away from his family and friends in Mumbai, gets a call from his friend Ganga in Kerala, out of the blue. He senses danger, and leaves for Kammattipadam, where both of them grew up.","friendship, bodyguard, brother against brother, accident, kochi","Dulquer Salmaan, Vinayakan, Manikandan Achari, Anil Nedumangad, Shine Tom Chacko, Vinay Forrt, Shaun Romy, Amalda Liz",Rajeev Ravi,/2zJoZn1EBR6UQDr6OdT4Og77zFn.jpg,7.88,54,1.2388,krishnan who has been living away from his family and friends in mumbai gets a call from his friend ganga in kerala out of the blue he senses danger and leaves for kammattipadam where both of them grew up krishnan who has been living away from his family and friends in mumbai gets a call from his friend ganga in kerala out of the blue he senses danger and leaves for kammattipadam where both of them grew up krishnan who has been living away from his family and friends in mumbai gets a call from his friend ganga in kerala out of the blue he senses danger and leaves for kammattipadam where both of them grew up drama action drama action friendship bodyguard brother against brother accident kochi friendship bodyguard brother against brother accident kochi dulquer salmaan vinayakan manikandan achari anil nedumangad shine tom chacko vinay forrt shaun romy amalda liz rajeev ravi ml ml
665133,Malik,2021,ml,"Thriller, Drama, Action, Crime, Adventure","A past ridden with crime, death and pain is recounted to Freddy, a juvenile criminal, who has been assigned to eliminate his estranged uncle Sulaiman, an aging patriarch, while behind bars.","politics, gangster, based on true story, political corruption, communalism","Fahadh Faasil, Nimisha Sajayan, Vinay Forrt, Jalaja, Salim Kumar, Joju George, Dileesh Pothan, Sanal Aman",Mahesh Narayanan,/kFBvlw5oiHghwqraQNhqpljsg91.jpg,7.281,57,1.0798,a past ridden with crime death and pain is recounted to freddy a juvenile criminal who has been assigned to eliminate his estranged uncle sulaiman an aging patriarch while behind bars a past ridden with crime death and pain is recounted to freddy a juvenile criminal who has been assigned to eliminate his estranged uncle sulaiman an aging patriarch while behind bars a past ridden with crime death and pain is recounted to freddy a juvenile criminal who has been assigned to eliminate his estranged uncle sulaiman an aging patriarch while behind bars thriller drama action crime adventure thriller drama action crime adventure politics gangster based on true story political corruption communalism politics gangster based on true story political corruption communalism fahadh faasil nimisha sajayan vinay forrt jalaja salim kumar joju george dileesh pothan sanal aman mahesh narayanan ml ml
190945,Mumbai Police,2013,ml,"Crime, Mystery, Thriller","ACP Antony Moses is on the verge of uncovering his friend’s murderer when an accident leaves him with partial memory loss. Reassigned to the same case, he must retrace his own forgotten steps to uncover a truth more shocking than he imagined.","sniper, navy, police, mumbai (bombay), india, murder, memory loss, terrorism","Prithviraj Sukumaran, Jayasurya, Rahman, Aparna Nair, Hima Davis, Deepa Rahul Ishwar, Kunchan, Rohit Vijayan",Rosshan Andrrews,/9DfBCt9eeHHXATtWvMV7ZA2Z1bs.jpg,6.968,62,1.0357,acp antony moses is on the verge of uncovering his friend s murderer when an accident leaves him with partial memory loss reassigned to the same case he must retrace his own forgotten steps to uncover a truth more shocking than he imagined acp antony moses is on the verge of uncovering his friend s murderer when an accident leaves him with partial memory loss reassigned to the same case he must retrace his own forgotten steps to uncover a truth more shocking than he imagined acp antony moses is on the verge of uncovering his friend s murderer when an accident leaves him with partial memory loss reassigned to the same case he must retrace his own forgotten steps to uncover a truth more shocking than he imagined crime mystery thriller crime mystery thriller sniper navy police mumbai bombay india murder memory loss terrorism sniper navy police mumbai bombay india murder memory loss terrorism prithviraj sukumaran jayasurya rahman aparna nair hima davis deepa rahul ishwar kunchan rohit vijayan rosshan andrrews ml ml
564177,Njan Prakashan,2018,ml,Comedy,"Pining for a lavish life abroad, a lazy but lovable guy next door crafts a scam to avoid a career in nursing and find a wealthy spouse to secure a visa.",,"Fahadh Faasil, Devika Sanjay, Sreenivasan, Nikhila Vimal, Anju Kurian, KPAC Lalitha, Meera Nair, Remya Suresh",Sathyan Anthikad,/cCgltVXS9pnhuwEsN8saOFeievO.jpg,7.0,54,1.1179,pining for a lavish life abroad a lazy but lovable guy next door crafts a scam to avoid a career in nursing and find a wealthy spouse to secure a visa pining for a lavish life abroad a lazy but lovable guy next door crafts a scam to avoid a career in nursing and find a wealthy spouse to secure a visa pining for a lavish life abroad a lazy but lovable guy next door crafts a scam to avoid a career in nursing and find a wealthy spouse to secure a visa comedy comedy   fahadh faasil devika sanjay sreenivasan nikhila vimal anju kurian kpac lalitha meera nair remya suresh sathyan anthikad ml ml
575351,Kumbalangi Nights,2019,ml,"Comedy, Drama, Romance","Four brothers living in the fishing hamlet of Kumbalangi share a love-hate relationship with each other. Their relationship progresses when Saji, Boney and Franky decide to help Bobby stand by his love.",,"Shane Nigam, Soubin Shahir, Sreenath Bhasi, Mathew Thomas, Fahadh Faasil, Anna Ben, Grace Antony, Ramesh Thilak",Madhu C. Narayanan,/lJ3RvIirE2C7gdBKvPRaoQ3iCo2.jpg,8.077,130,1.3334,four brothers living in the fishing hamlet of kumbalangi share a love hate relationship with each other their relationship progresses when saji boney and franky decide to help bobby stand by his love four brothers living in the fishing hamlet of kumbalangi share a love hate relationship with each other their relationship progresses when saji boney and franky decide to help bobby stand by his love four brothers living in the fishing hamlet of kumbalangi share a love hate relationship with each other their relationship progresses when saji boney and franky decide to help bobby stand by his love comedy drama romance comedy drama romance   shane nigam soubin shahir sreenath bhasi mathew thomas fahadh faasil anna ben grace antony ramesh thilak madhu c narayanan ml ml
564704,Jallikattu,2019,ml,"Action, Thriller, Crime",An escaped buffalo triggers a frenzy of ecstatic violence in a remote village.,,"Antony Varghese, Chemban Vinod Jose, Sabumon Abdusamad, Santhy Balachandran, Jaffer Idukki, Vinod Kozhikode, Tinu Pappachan, Jayashankar Karimuttam",Lijo Jose Pellissery,/8pEsTp9bS6yjr9P9K43vPP8mw1v.jpg,6.711,96,1.1677,an escaped buffalo triggers a frenzy of ecstatic violence in a remote village an escaped buffalo triggers a frenzy of ecstatic violence in a remote village an escaped buffalo triggers a frenzy of ecstatic violence in a remote village action thriller crime action thriller crime   antony varghese chemban vinod jose sabumon abdusamad santhy balachandran jaffer idukki vinod kozhikode tinu pappachan jayashankar karimuttam lijo jose pellissery ml ml
640052,Helen,2019,ml,"Drama, Thriller, Family",An ordinary suburban girl faces the biggest battle of her life when her sudden disappearance for a brief period leads to a desperate search by her loved ones.,"romance, care, smile, daddy's girl","Anna Ben, Lal, Noble Babu Thomas, Aju Varghese, Rony David Raj, Binu Pappu, Bonny Mary Mathew, Vineeth Sreenivasan",Mathukutty Xavier,/166Gz2EQFwvGEyWU1sDtxOiGVAE.jpg,7.556,55,1.0633,an ordinary suburban girl faces the biggest battle of her life when her sudden disappearance for a brief period leads to a desperate search by her loved ones an ordinary suburban girl faces the biggest battle of her life when her sudden disappearance for a brief period leads to a desperate search by her loved ones an ordinary suburban girl faces the biggest battle of her life when her sudden disappearance for a brief period leads to a desperate search by her loved ones drama thriller family drama thriller family romance care smile daddy s girl romance care smile daddy s girl anna ben lal noble babu thomas aju varghese rony david raj binu pappu bonny mary mathew vineeth sreenivasan mathukutty xavier ml ml
791779,Joji,2021,ml,"Drama, Crime","Joji, an engineering dropout and the youngest son of a rich family lives with his aspirations of becoming super wealthy. Driven by greed and blind ambition, he decides to execute his plans following an unexpected event in the family.",macbeth,"Fahadh Faasil, Baburaj, P N Sunny, Joji Mundakayam, Unnimaya Prasad, Shammi Thilakan, Alister Alex, Basil Joseph",Dileesh Pothan,/iXAUPTb8XNSf5B4zyUAEajz2vFu.jpg,7.449,68,1.0293,joji an engineering dropout and the youngest son of a rich family lives with his aspirations of becoming super wealthy driven by greed and blind ambition he decides to execute his plans following an unexpected event in the family joji an engineering dropout and the youngest son of a rich family lives with his aspirations of becoming super wealthy driven by greed and blind ambition he decides to execute his plans following an unexpected event in the family joji an engineering dropout and the youngest son of a rich family lives with his aspirations of becoming super wealthy driven by greed and blind ambition he decides to execute his plans following an unexpected event in the family drama crime drama crime macbeth macbeth fahadh faasil baburaj p n sunny joji mundakayam unnimaya prasad shammi thilakan alister alex basil joseph dileesh pothan ml ml
442000,Angamaly Diaries,2017,ml,"Action, Comedy, Thriller",Six young friends in the small town of Angamaly tries their luck by starting a pork business lead by Vincent Pepe. They initially strike a business deal with Rajan and Ravi despite the duo having killed a close friend of theirs in a gang fight. Vincent is in love with Sakhi and plan to immigrate abroad with her. But their plans hit a road bump as the deal with the gangsters hits some road bumps.,"police, bomb, gambling, gang war, romance, revenge, murder, pig farme","Antony Varghese, Sarath Kumar, Tito Wilson, Bitto Davis, Sinoj Varghese, Anna Reshma Rajan, Kichu Tellus, Ullas Jose Chemban",Lijo Jose Pellissery,/fwxgQakS3vUQIzgJMphQWHxAqr2.jpg,7.336,64,1.118,six young friends in the small town of angamaly tries their luck by starting a pork business lead by vincent pepe they initially strike a business deal with rajan and ravi despite the duo having killed a close friend of theirs in a gang fight vincent is in love with sakhi and plan to immigrate abroad with her but their plans hit a road bump as the deal with the gangsters hits some road bumps six young friends in the small town of angamaly tries their luck by starting a pork business lead by vincent pepe they initially strike a business deal with rajan and ravi despite the duo having killed a close friend of theirs in a gang fight vincent is in love with sakhi and plan to immigrate abroad with her but their plans hit a road bump as the deal with the gangsters hits some road bumps six young friends in the small town of angamaly tries their luck by starting a pork business lead by vincent pepe they initially strike a business deal with rajan and ravi despite the duo having killed a close friend of theirs in a gang fight vincent is in love with sakhi and plan to immigrate abroad with her but their plans hit a road bump as the deal with the gangsters hits some road bumps action comedy thriller action comedy thriller police bomb gambling gang war romance revenge murder pig farme police bomb gambling gang war romance revenge murder pig farme antony varghese sarath kumar tito wilson bitto davis sinoj varghese anna reshma rajan kichu tellus ullas jose chemban lijo jose pellissery ml ml
1213243,Toxic,2026,kn,"Action, Crime, Drama","A powerful drug cartel pulls the strings behind a facade of sun-soaked beaches as a gritty, violent underworld power struggle emerges during the crumbling of Portuguese colonial rule.","gangster, goa, betrayal, loving","Yash, Kiara Advani, Nayanthara, Huma Qureshi, Tara Sutaria, Rukmini Vasanth, Sudev Nair, Akshay Oberoi",Geetu Mohandas,/5RTd3YCLWbEhbe9OXRuNX3pbT5U.jpg,7.872,78,31.191,a powerful drug cartel pulls the strings behind a facade of sun soaked beaches as a gritty violent underworld power struggle emerges during the crumbling of portuguese colonial rule a powerful drug cartel pulls the strings behind a facade of sun soaked beaches as a gritty violent underworld power struggle emerges during the crumbling of portuguese colonial rule a powerful drug cartel pulls the strings behind a facade of sun soaked beaches as a gritty violent underworld power struggle emerges during the crumbling of portuguese colonial rule action crime drama action crime drama gangster goa betrayal loving gangster goa betrayal loving yash kiara advani nayanthara huma qureshi tara sutaria rukmini vasanth sudev nair akshay oberoi geetu mohandas kn kn
1083637,Kantara - A Legend: Chapter 1,2025,kn,"Action, Drama, Fantasy","During the Kadamba reign, King Vijayendra, the ruler of the fictional feudatory land of Bangra, meets his final fate while venturing into the mystical forest of Kantara. Witnessing this, his son Rajashekara seals the borders of their realm. Later, Prince Kulashekara reopens them through a brutal massacre. The protagonist, Berme, in search of prosperity, crosses the divide and ignites a conflict of faith, power, and destiny between the Kingdom and Nature.",,"Rishab Shetty, Rukmini Vasanth, Jayaram, Gulshan Devaiah, Ramitha Shailendra, Pramod Shetty, Naveen D. Padil, Rakesh Poojari",Rishab Shetty,/ehQPboTPaIMkMUOoNOh8e7pZ5Rp.jpg,7.228,101,5.5807,during the kadamba reign king vijayendra the ruler of the fictional feudatory land of bangra meets his final fate while venturing into the mystical forest of kantara witnessing this his son rajashekara seals the borders of their realm later prince kulashekara reopens them through a brutal massacre the protagonist berme in search of prosperity crosses the divide and ignites a conflict of faith power and destiny between the kingdom and nature during the kadamba reign king vijayendra the ruler of the fictional feudatory land of bangra meets his final fate while venturing into the mystical forest of kantara witnessing this his son rajashekara seals the borders of their realm later prince kulashekara reopens them through a brutal massacre the protagonist berme in search of prosperity crosses the divide and ignites a conflict of faith power and destiny between the kingdom and nature during the kadamba reign king vijayendra the ruler of the fictional feudatory land of bangra meets his final fate while venturing into the mystical forest of kantara witnessing this his son rajashekara seals the borders of their realm later prince kulashekara reopens them through a brutal massacre the protagonist berme in search of prosperity crosses the divide and ignites a conflict of faith power and destiny between the kingdom and nature action drama fantasy action drama fantasy   rishab shetty rukmini vasanth jayaram gulshan devaiah ramitha shailendra pramod shetty naveen d padil rakesh poojari rishab shetty kn kn
587412,K.G.F: Chapter 2,2022,kn,"Action, Thriller, Adventure, Crime","The blood-soaked land of Kolar Gold Fields (KGF) has a new overlord now - Rocky, whose name strikes fear in the heart of his foes. His allies look up to Rocky as their Savior, the government sees him as a threat to law and order; enemies are clamoring for revenge and conspiring for his downfall. Bloodier battles and darker days await as Rocky continues on his quest for unchallenged supremacy.","undercover, sequel, one man army, action hero","Yash, Sanjay Dutt, Raveena Tandon, Srinidhi Shetty, Archana Jois, Achyuth Kumar, Rao Ramesh, Ayyappa P. Sharma",Prashanth Neel,/khNVygolU0TxLIDWff5tQlAhZ23.jpg,7.433,233,4.3539,the blood soaked land of kolar gold fields kgf has a new overlord now rocky whose name strikes fear in the heart of his foes his allies look up to rocky as their savior the government sees him as a threat to law and order enemies are clamoring for revenge and conspiring for his downfall bloodier battles and darker days await as rocky continues on his quest for unchallenged supremacy the blood soaked land of kolar gold fields kgf has a new overlord now rocky whose name strikes fear in the heart of his foes his allies look up to rocky as their savior the government sees him as a threat to law and order enemies are clamoring for revenge and conspiring for his downfall bloodier battles and darker days await as rocky continues on his quest for unchallenged supremacy the blood soaked land of kolar gold fields kgf has a new overlord now rocky whose name strikes fear in the heart of his foes his allies look up to rocky as their savior the government sees him as a threat to law and order enemies are clamoring for revenge and conspiring for his downfall bloodier battles and darker days await as rocky continues on his quest for unchallenged supremacy action thriller adventure crime action thriller adventure crime undercover sequel one man army action hero undercover sequel one man army action hero yash sanjay dutt raveena tandon srinidhi shetty archana jois achyuth kumar rao ramesh ayyappa p sharma prashanth neel kn kn
564147,K.G.F: Chapter 1,2018,kn,"Action, Thriller, Adventure, Crime","A period drama set in the 1970s, KGF follows the story of a fierce rebel who rises against the brutal oppression in Kolar Gold Fields and becomes the symbol of hope to legions of downtrodden people.","gold, undercover, gold mine, one man army, action hero, period film","Yash, Srinidhi Shetty, Ramachandra Raju, Archana Jois, Anant Nag, Vasishta N. Simha, Achyuth Kumar, Ayyappa P. Sharma",Prashanth Neel,/ltHlJwvxKv7d0ooCiKSAvfwV9tX.jpg,7.5,308,4.5028,a period drama set in the 1970s kgf follows the story of a fierce rebel who rises against the brutal oppression in kolar gold fields and becomes the symbol of hope to legions of downtrodden people a period drama set in the 1970s kgf follows the story of a fierce rebel who rises against the brutal oppression in kolar gold fields and becomes the symbol of hope to legions of downtrodden people a period drama set in the 1970s kgf follows the story of a fierce rebel who rises against the brutal oppression in kolar gold fields and becomes the symbol of hope to legions of downtrodden people action thriller adventure crime action thriller adventure crime gold undercover gold mine one man army action hero period film gold undercover gold mine one man army action hero period film yash srinidhi shetty ramachandra raju archana jois anant nag vasishta n simha achyuth kumar ayyappa p sharma prashanth neel kn kn
634120,777 Charlie,2022,kn,"Drama, Adventure, Comedy",Dharma is stuck in a rut with his negative and lonely lifestyle and spends each day in the comfort of his loneliness. A pup named Charlie who is naughty and energetic which is a complete contrast with the Dharma’s character enters his life and gives him a new perspective towards it.,"road trip, dog man friendship","Rakshit Shetty, Raj B Shetty, Bobby Simha, Sangeetha Sringeri, Bhargavi Narayan, Danish Sait, Harini Shreekanth, Mime  Ramdas",Kiranraj K.,/qArPmXH0aWsT3SEtYl8XrU2Oz48.jpg,7.709,79,2.8626,dharma is stuck in a rut with his negative and lonely lifestyle and spends each day in the comfort of his loneliness a pup named charlie who is naughty and energetic which is a complete contrast with the dharma s character enters his life and gives him a new perspective towards it dharma is stuck in a rut with his negative and lonely lifestyle and spends each day in the comfort of his loneliness a pup named charlie who is naughty and energetic which is a complete contrast with the dharma s character enters his life and gives him a new perspective towards it dharma is stuck in a rut with his negative and lonely lifestyle and spends each day in the comfort of his loneliness a pup named charlie who is naughty and energetic which is a complete contrast with the dharma s character enters his life and gives him a new perspective towards it drama adventure comedy drama adventure comedy road trip dog man friendship road trip dog man friendship rakshit shetty raj b shetty bobby simha sangeetha sringeri bhargavi narayan danish sait harini shreekanth mime ramdas kiranraj k kn kn
858485,Kantara,2022,kn,"Action, Adventure, Thriller","Shiva, a tribal vagabond lives with his mother in hamlet, stays away from the traditional Daivaradhane and Bhoota Kola legacy due to an unforgettable childhood incident. He is happy loafing around with his friends and doing petty jobs for his landlord. When Forest officer Murali enters the scene, it gives a fresh dimension to the man-vs-nature fight. Can Shiva save the forest from Murali? Or is Murali just a dummy bait cast by bigger fish?","folklore, hindu mythology, incredulous","Rishab Shetty, Sapthami Gowda, Kishore, Achyuth Kumar, Pramod Shetty, Prakash Thuminad, Manasi Sudhir, Naveen D. Padil",Rishab Shetty,/jIsKmkxMzdCZ0Ux1GVSnu8m6Na6.jpg,7.167,159,2.6887,shiva a tribal vagabond lives with his mother in hamlet stays away from the traditional daivaradhane and bhoota kola legacy due to an unforgettable childhood incident he is happy loafing around with his friends and doing petty jobs for his landlord when forest officer murali enters the scene it gives a fresh dimension to the man vs nature fight can shiva save the forest from murali or is murali just a dummy bait cast by bigger fish shiva a tribal vagabond lives with his mother in hamlet stays away from the traditional daivaradhane and bhoota kola legacy due to an unforgettable childhood incident he is happy loafing around with his friends and doing petty jobs for his landlord when forest officer murali enters the scene it gives a fresh dimension to the man vs nature fight can shiva save the forest from murali or is murali just a dummy bait cast by bigger fish shiva a tribal vagabond lives with his mother in hamlet stays away from the traditional daivaradhane and bhoota kola legacy due to an unforgettable childhood incident he is happy loafing around with his friends and doing petty jobs for his landlord when forest officer murali enters the scene it gives a fresh dimension to the man vs nature fight can shiva save the forest from murali or is murali just a dummy bait cast by bigger fish action adventure thriller action adventure thriller folklore hindu mythology incredulous folklore hindu mythology incredulous rishab shetty sapthami gowda kishore achyuth kumar pramod shetty prakash thuminad manasi sudhir naveen d padil rishab shetty kn kn
1383072,Mahavatar Narsimha,2025,kn,"Animation, Action, Fantasy, Drama","Tyrannical demon Hiranyakashyap challenges Vishnu, proclaiming himself a god. However, his son Prahlad remains devoted to Vishnu, who appears as Narsimha to defeat the demon.","hinduism, vishnu, demon, demigod, test of faithfulness, based on myths, legends or folklore, hindu mythology, father son conflict, independent film, religion and spirituality, compassionate","Harjeet Walia, Aditya Raj Sharma, Haripriya Matta, Sanket Jaiswal, Priyanka Bhandari, Vasundhra Bose, Sachit Wartak, Saanwari Yagnik",Ashwin Kumar,/uGTF87VyfjtwwqRlT2apQg5YnEp.jpg,7.345,58,2.4727,tyrannical demon hiranyakashyap challenges vishnu proclaiming himself a god however his son prahlad remains devoted to vishnu who appears as narsimha to defeat the demon tyrannical demon hiranyakashyap challenges vishnu proclaiming himself a god however his son prahlad remains devoted to vishnu who appears as narsimha to defeat the demon tyrannical demon hiranyakashyap challenges vishnu proclaiming himself a god however his son prahlad remains devoted to vishnu who appears as narsimha to defeat the demon animation action fantasy drama animation action fantasy drama hinduism vishnu demon demigod test of faithfulness based on myths legends or folklore hindu mythology father son conflict independent film religion and spirituality compassionate hinduism vishnu demon demigod test of faithfulness based on myths legends or folklore hindu mythology father son conflict independent film religion and spirituality compassionate harjeet walia aditya raj sharma haripriya matta sanket jaiswal priyanka bhandari vasundhra bose sachit wartak saanwari yagnik ashwin kumar kn kn
219343,Lucia,2013,kn,"Fantasy, Romance, Thriller","A man suffering from insomnia is tricked into buying a drug, Lucia, that makes his desires come true in his dreams, blurring the line between fantasy and reality.","hallucination, insomnia, lucid dreaming, psychological thriller, unreliable narrator, alternative reality, kannada, film within a film, crowdfunded film, independent film, meta cinema, independent cinema, lucid dream, kannada film, dual role performance","Sathish Ninasam, Sruthi Hariharan, Achyuth Kumar, Hardika Shetty, Balaji Manohar, Poornachandra Mysuru, Lalipalya Mahadev, Pawan Kumar",Pawan Kumar,/1b0pkG5fKRXbgxQrk3AVwXSNo7e.jpg,7.169,61,1.5102,a man suffering from insomnia is tricked into buying a drug lucia that makes his desires come true in his dreams blurring the line between fantasy and reality a man suffering from insomnia is tricked into buying a drug lucia that makes his desires come true in his dreams blurring the line between fantasy and reality a man suffering from insomnia is tricked into buying a drug lucia that makes his desires come true in his dreams blurring the line between fantasy and reality fantasy romance thriller fantasy romance thriller hallucination insomnia lucid dreaming psychological thriller unreliable narrator alternative reality kannada film within a film crowdfunded film independent film meta cinema independent cinema lucid dream kannada film dual role performance hallucination insomnia lucid dreaming psychological thriller unreliable narrator alternative reality kannada film within a film crowdfunded film independent film meta cinema independent cinema lucid dream kannada film dual role performance sathish ninasam sruthi hariharan achyuth kumar hardika shetty balaji manohar poornachandra mysuru lalipalya mahadev pawan kumar pawan kumar kn kn
210763,A,1998,kn,"Romance, Thriller","A film director fades away from the industry after the failed love with the heroine of his movie. After being rehabilitated, he learns that some people conspired his fall and decides to take revenge.",,"Upendra, Chandini, Kote Prabhakar, Michael Madhu, Archana",Upendra,/y3DH68oWOGMZ637tqYHfTGU4Bif.jpg,5.75,112,1.3087,a film director fades away from the industry after the failed love with the heroine of his movie after being rehabilitated he learns that some people conspired his fall and decides to take revenge a film director fades away from the industry after the failed love with the heroine of his movie after being rehabilitated he learns that some people conspired his fall and decides to take revenge a film director fades away from the industry after the failed love with the heroine of his movie after being rehabilitated he learns that some people conspired his fall and decides to take revenge romance thriller romance thriller   upendra chandini kote prabhakar michael madhu archana upendra kn kn
468853,...Re,2016,kn,"Comedy, Drama",Re is a Kannada comedy drama starring Ramesh Aravind and Anant Nag. A rich man arrives at an old palatial house to find that his ancestors are cursed to an afterlife in the house. Now it becomes his responsibility to undo the curse.,,"Ramesh Aravind, Harshika Poonacha, Anant Nag",Sunil Kumar Desai,/zD462oTVwka6bUAZxEzix5BsZQj.jpg,6.8,72,1.1426,re is a kannada comedy drama starring ramesh aravind and anant nag a rich man arrives at an old palatial house to find that his ancestors are cursed to an afterlife in the house now it becomes his responsibility to undo the curse re is a kannada comedy drama starring ramesh aravind and anant nag a rich man arrives at an old palatial house to find that his ancestors are cursed to an afterlife in the house now it becomes his responsibility to undo the curse re is a kannada comedy drama starring ramesh aravind and anant nag a rich man arrives at an old palatial house to find that his ancestors are cursed to an afterlife in the house now it becomes his responsibility to undo the curse comedy drama comedy drama   ramesh aravind harshika poonacha anant nag sunil kumar desai kn kn
969681,Spider-Man: Brand New Day,2026,en,"Science Fiction, Action, Adventure",Fighting crime full-time as Spider-Man in a world that doesn't remember him—and the pressure of seeing his old friends move on without him—sparks a change in Peter Parker he may not have the power to control. But that transformation might also be the only thing that can stop a shocking new threat to the city and those he loves - a powerful villain no one can even see.,"mind control, new york city, hero, mutation, secret identity, superhero, spider, villain, based on comic, sequel, transhumanism, super power, masked vigilante, spider web, aftercreditsstinger","Tom Holland, Zendaya, Mark Ruffalo, Jon Bernthal, Jacob Batalon, Sadie Sink, Florence Pugh, Liza Colón-Zayas",Destin Daniel Cretton,/bjiS5ipwxb9JFy3XRRN4OAilSeX.jpg,7.865,3010,587.1819,fighting crime full time as spider man in a world that doesn t remember him and the pressure of seeing his old friends move on without him sparks a change in peter parker he may not have the power to control but that transformation might also be the only thing that can stop a shocking new threat to the city and those he loves a powerful villain no one can even see fighting crime full time as spider man in a world that doesn t remember him and the pressure of seeing his old friends move on without him sparks a change in peter parker he may not have the power to control but that transformation might also be the only thing that can stop a shocking new threat to the city and those he loves a powerful villain no one can even see fighting crime full time as spider man in a world that doesn t remember him and the pressure of seeing his old friends move on without him sparks a change in peter parker he may not have the power to control but that transformation might also be the only thing that can stop a shocking new threat to the city and those he loves a powerful villain no one can even see science fiction action adventure science fiction action adventure mind control new york city hero mutation secret identity superhero spider villain based on comic sequel transhumanism super power masked vigilante spider web aftercreditsstinger mind control new york city hero mutation secret identity superhero spider villain based on comic sequel transhumanism super power masked vigilante spider web aftercreditsstinger tom holland zendaya mark ruffalo jon bernthal jacob batalon sadie sink florence pugh liza col n zayas destin daniel cretton en en
1423191,Resident Evil,2026,en,"Horror, Science Fiction, Adventure","Medical courier Bryan unwittingly finds himself fighting for survival as one fateful, horrifying night collapses around him in chaos.","outbreak, survival, decapitation, zombie, based on video game, survival horror, reboot, zombie apocalypse, courier service, hopeless, body horror, grand, absurd, arrogant, condescending","Austin Abrams, Paul Walter Hauser, Kali Reis, Zach Cherry, Johnno Wilson, Shaun W. Loeser, Zach Cregger, Emily Piggford",Zach Cregger,/i7UyjfPio0VFHB9rBUZSFyhOoM8.jpg,7.3,720,397.2336,medical courier bryan unwittingly finds himself fighting for survival as one fateful horrifying night collapses around him in chaos medical courier bryan unwittingly finds himself fighting for survival as one fateful horrifying night collapses around him in chaos medical courier bryan unwittingly finds himself fighting for survival as one fateful horrifying night collapses around him in chaos horror science fiction adventure horror science fiction adventure outbreak survival decapitation zombie based on video game survival horror reboot zombie apocalypse courier service hopeless body horror grand absurd arrogant condescending outbreak survival decapitation zombie based on video game survival horror reboot zombie apocalypse courier service hopeless body horror grand absurd arrogant condescending austin abrams paul walter hauser kali reis zach cherry johnno wilson shaun w loeser zach cregger emily piggford zach cregger en en
1368337,The Odyssey,2026,en,"Adventure, Action, Fantasy","Odysseus, the legendary King of Ithaca, embarks on a long and perilous journey home following the Trojan War. Throughout his voyage, he is forced to confront the whims of gods, mythological monsters, and trials that stretch both his cunning and his humanity to the breaking point.","ship, trojan war, greek mythology, historical fiction, ancient world, period drama, based on song, poem or rhyme, greek history, voyage, peplum, ancient, trojan horse, mediterranean sea, bronze age, mythical","Matt Damon, Tom Holland, Anne Hathaway, Robert Pattinson, Himesh Patel, Charlize Theron, John Leguizamo, Travis Scott",Christopher Nolan,/5rhTDKUhPYvpdQIijFIs5VoWsON.jpg,8.012,4006,313.748,odysseus the legendary king of ithaca embarks on a long and perilous journey home following the trojan war throughout his voyage he is forced to confront the whims of gods mythological monsters and trials that stretch both his cunning and his humanity to the breaking point odysseus the legendary king of ithaca embarks on a long and perilous journey home following the trojan war throughout his voyage he is forced to confront the whims of gods mythological monsters and trials that stretch both his cunning and his humanity to the breaking point odysseus the legendary king of ithaca embarks on a long and perilous journey home following the trojan war throughout his voyage he is forced to confront the whims of gods mythological monsters and trials that stretch both his cunning and his humanity to the breaking point adventure action fantasy adventure action fantasy ship trojan war greek mythology historical fiction ancient world period drama based on song poem or rhyme greek history voyage peplum ancient trojan horse mediterranean sea bronze age mythical ship trojan war greek mythology historical fiction ancient world period drama based on song poem or rhyme greek history voyage peplum ancient trojan horse mediterranean sea bronze age mythical matt damon tom holland anne hathaway robert pattinson himesh patel charlize theron john leguizamo travis scott christopher nolan en en
1204680,Coyote vs. Acme,2026,en,"Comedy, Adventure, Family","After Acme products fail him one too many times in his dogged pursuit of the Roadrunner, Wile E. Coyote decides to hire a billboard lawyer to sue the Acme Corporation.","judge, lawsuit, lawyer, courtroom, unlikely friendship, coyote, live action and animation, based on magazine, newspaper or article, cartoon characters, cgi-live action hybrid, absurd, dramatic, celebratory","Will Forte, Lana Condor, John Cena, Tone Bell, Martha Kelly, Luis Guzmán, P.J. Byrne, John Early",Dave Green,/kYDCl2y0VPvhT5eYWbMRInPoB03.jpg,7.531,649,297.6229,after acme products fail him one too many times in his dogged pursuit of the roadrunner wile e coyote decides to hire a billboard lawyer to sue the acme corporation after acme products fail him one too many times in his dogged pursuit of the roadrunner wile e coyote decides to hire a billboard lawyer to sue the acme corporation after acme products fail him one too many times in his dogged pursuit of the roadrunner wile e coyote decides to hire a billboard lawyer to sue the acme corporation comedy adventure family comedy adventure family judge lawsuit lawyer courtroom unlikely friendship coyote live action and animation based on magazine newspaper or article cartoon characters cgi live action hybrid absurd dramatic celebratory judge lawsuit lawyer courtroom unlikely friendship coyote live action and animation based on magazine newspaper or article cartoon characters cgi live action hybrid absurd dramatic celebratory will forte lana condor john cena tone bell martha kelly luis guzm n p j byrne john early dave green en en
1377237,Runner,2026,en,"Action, Comedy","A former soldier is thrown into a brutal race against time when a critical medical delivery makes him and his unlikely partner the targets of a ruthless cartel. As the mission spirals into a deadly manhunt, every detour, delay, and bullet pushes them closer to failure. With betrayal closing in from every side, they must survive the chase and deliver their cargo to save the life of a little girl.","race against time, black market, drug cartel","Alan Ritchson, Owen Wilson, Rodrigo Santoro, Leila George, Kate Box, Peta Sergeant, Cecilia Toussaint, Geraldine Hakewill",Scott Waugh,/yBKMAIj7clP42UkFejhGDBBoTpb.jpg,8.273,332,289.7676,a former soldier is thrown into a brutal race against time when a critical medical delivery makes him and his unlikely partner the targets of a ruthless cartel as the mission spirals into a deadly manhunt every detour delay and bullet pushes them closer to failure with betrayal closing in from every side they must survive the chase and deliver their cargo to save the life of a little girl a former soldier is thrown into a brutal race against time when a critical medical delivery makes him and his unlikely partner the targets of a ruthless cartel as the mission spirals into a deadly manhunt every detour delay and bullet pushes them closer to failure with betrayal closing in from every side they must survive the chase and deliver their cargo to save the life of a little girl a former soldier is thrown into a brutal race against time when a critical medical delivery makes him and his unlikely partner the targets of a ruthless cartel as the mission spirals into a deadly manhunt every detour delay and bullet pushes them closer to failure with betrayal closing in from every side they must survive the chase and deliver their cargo to save the life of a little girl action comedy action comedy race against time black market drug cartel race against time black market drug cartel alan ritchson owen wilson rodrigo santoro leila george kate box peta sergeant cecilia toussaint geraldine hakewill scott waugh en en
1101383,The End of Oak Street,2026,en,"Science Fiction, Mystery, Thriller","After a mysterious cosmic event rips Oak Street from suburbia and transports their neighborhood to someplace unknown, the Platt family soon discovers that their very survival depends on them sticking together as they navigate their now unrecognizable surroundings.","teleportation, giant snake, time travel, wormhole, family relationships, suburbia, survival, prehistoric creature, dinosaur, survival horror, neighborhood, 1980s, suburban, nuclear family, survival adventure","Anne Hathaway, Ewan McGregor, Maisy Stella, Christian Convery, Jordan Alexa Davis, P.J. Byrne, Hudson Meek, Anne Gee Byrd",David Robert Mitchell,/fYXqpgPmHMphSF2W30GbTeJVIa5.jpg,7.042,1816,230.9484,after a mysterious cosmic event rips oak street from suburbia and transports their neighborhood to someplace unknown the platt family soon discovers that their very survival depends on them sticking together as they navigate their now unrecognizable surroundings after a mysterious cosmic event rips oak street from suburbia and transports their neighborhood to someplace unknown the platt family soon discovers that their very survival depends on them sticking together as they navigate their now unrecognizable surroundings after a mysterious cosmic event rips oak street from suburbia and transports their neighborhood to someplace unknown the platt family soon discovers that their very survival depends on them sticking together as they navigate their now unrecognizable surroundings science fiction mystery thriller science fiction mystery thriller teleportation giant snake time travel wormhole family relationships suburbia survival prehistoric creature dinosaur survival horror neighborhood 1980s suburban nuclear family survival adventure teleportation giant snake time travel wormhole family relationships suburbia survival prehistoric creature dinosaur survival horror neighborhood 1980s suburban nuclear family survival adventure anne hathaway ewan mcgregor maisy stella christian convery jordan alexa davis p j byrne hudson meek anne gee byrd david robert mitchell en en
1248832,Digger,2026,en,"Comedy, Drama",The most powerful man in the world embarks on a frantic mission to prove he is humanity's savior before the disaster he's unleashed destroys everything.,"climate change, dark comedy, satire, political satire, absurd, critical, amused, audacious, vistavision","Tom Cruise, Riz Ahmed, John Goodman, Sandra Hüller, Michael Stuhlbarg, Jesse Plemons, Robert John Burke, Emma D'Arcy",Alejandro G. Iñárritu,/1ATXKrIPJyKNwnJ6lcG088Sa6zi.jpg,7.416,113,215.8388,the most powerful man in the world embarks on a frantic mission to prove he is humanity s savior before the disaster he s unleashed destroys everything the most powerful man in the world embarks on a frantic mission to prove he is humanity s savior before the disaster he s unleashed destroys everything the most powerful man in the world embarks on a frantic mission to prove he is humanity s savior before the disaster he s unleashed destroys everything comedy drama comedy drama climate change dark comedy satire political satire absurd critical amused audacious vistavision climate change dark comedy satire political satire absurd critical amused audacious vistavision tom cruise riz ahmed john goodman sandra h ller michael stuhlbarg jesse plemons robert john burke emma d arcy alejandro g i rritu en en
1032863,The Love Hypothesis,2026,en,"Romance, Comedy","Olive Smith, a biology PhD candidate, and Dr. Adam Carlsen, a hotshot professor and well-known tyrant, enter into a fake relationship, seeing each of their carefully calculated theories on love get thrown into chaos.","based on novel or book, professor, romcom, love, biologist, pretend relationship, asexuality, fake dating, demisexual, phd, based on fanfiction","Lili Reinhart, Tom Bateman, Rachel Marsh, Jaboukie Young-White, Nicholas Duvernay, Arty Froushan, Jeananne Goossen, Aladeen Tawfeek",Claire Scanlon,/vfZxVHextAGC70zrNhS8lsROqP1.jpg,8.047,449,199.0851,olive smith a biology phd candidate and dr adam carlsen a hotshot professor and well known tyrant enter into a fake relationship seeing each of their carefully calculated theories on love get thrown into chaos olive smith a biology phd candidate and dr adam carlsen a hotshot professor and well known tyrant enter into a fake relationship seeing each of their carefully calculated theories on love get thrown into chaos olive smith a biology phd candidate and dr adam carlsen a hotshot professor and well known tyrant enter into a fake relationship seeing each of their carefully calculated theories on love get thrown into chaos romance comedy romance comedy based on novel or book professor romcom love biologist pretend relationship asexuality fake dating demisexual phd based on fanfiction based on novel or book professor romcom love biologist pretend relationship asexuality fake dating demisexual phd based on fanfiction lili reinhart tom bateman rachel marsh jaboukie young white nicholas duvernay arty froushan jeananne goossen aladeen tawfeek claire scanlon en en
460458,Resident Evil: Welcome to Raccoon City,2021,en,"Action, Horror, Science Fiction","Once the booming home of pharmaceutical giant Umbrella Corporation, Raccoon City is now a dying Midwestern town. The company’s exodus left the city a wasteland…with great evil brewing below the surface. When that evil is unleashed, the townspeople are forever…changed…and a small group of survivors must work together to uncover the truth behind Umbrella and make it through the night.","biological weapon, orphanage, dystopia, mutant, infection, zombie, mansion, police station, based on video game, reboot, ghost town, duringcreditsstinger, lockdown, 1990s, secret experiment","Kaya Scodelario, Hannah John-Kamen, Robbie Amell, Tom Hopper, Avan Jogia, Donal Logue, Neal McDonough, Lily Gao",Johannes Roberts,/bArhvjRHl535XMaSh9VjInF2mSZ.jpg,5.941,2840,200.5242,once the booming home of pharmaceutical giant umbrella corporation raccoon city is now a dying midwestern town the company s exodus left the city a wasteland with great evil brewing below the surface when that evil is unleashed the townspeople are forever changed and a small group of survivors must work together to uncover the truth behind umbrella and make it through the night once the booming home of pharmaceutical giant umbrella corporation raccoon city is now a dying midwestern town the company s exodus left the city a wasteland with great evil brewing below the surface when that evil is unleashed the townspeople are forever changed and a small group of survivors must work together to uncover the truth behind umbrella and make it through the night once the booming home of pharmaceutical giant umbrella corporation raccoon city is now a dying midwestern town the company s exodus left the city a wasteland with great evil brewing below the surface when that evil is unleashed the townspeople are forever changed and a small group of survivors must work together to uncover the truth behind umbrella and make it through the night action horror science fiction action horror science fiction biological weapon orphanage dystopia mutant infection zombie mansion police station based on video game reboot ghost town duringcreditsstinger lockdown 1990s secret experiment biological weapon orphanage dystopia mutant infection zombie mansion police station based on video game reboot ghost town duringcreditsstinger lockdown 1990s secret experiment kaya scodelario hannah john kamen robbie amell tom hopper avan jogia donal logue neal mcdonough lily gao johannes roberts en en
977942,The Uprising,2026,en,"History, Drama","As war and plague devastate 14th-century England, a humble peasant ignites a rebellion, uniting an army of commoners to defy the King’s might in a desperate fight for justice and survival.","rebellion, peasant, based on true story, farmer, medieval, revolt, plague, medieval england, 14th century, 1300s","Andrew Garfield, Jamie Bell, Stephen Dillane, Woody Norman, Tom Hollander, Cosmo Jarvis, Thomasin McKenzie, Jonny Lee Miller",Paul Greengrass,/7TUl15TOsIvndKlgMWTtLgtEzZP.jpg,7.883,179,171.1571,as war and plague devastate 14th century england a humble peasant ignites a rebellion uniting an army of commoners to defy the king s might in a desperate fight for justice and survival as war and plague devastate 14th century england a humble peasant ignites a rebellion uniting an army of commoners to defy the king s might in a desperate fight for justice and survival as war and plague devastate 14th century england a humble peasant ignites a rebellion uniting an army of commoners to defy the king s might in a desperate fight for justice and survival history drama history drama rebellion peasant based on true story farmer medieval revolt plague medieval england 14th century 1300s rebellion peasant based on true story farmer medieval revolt plague medieval england 14th century 1300s andrew garfield jamie bell stephen dillane woody norman tom hollander cosmo jarvis thomasin mckenzie jonny lee miller paul greengrass en en
1288445,Mutiny,2026,en,"Action, Thriller","After witnessing his billionaire boss' murder and being framed for the crime, Cole Reed boards a cargo ship on a one-man crusade to avenge his boss' death only to discover an international conspiracy.","revenge, conspiracy, one man army, cargo ship, framed for murder","Jason Statham, Annabelle Wallis, Roland Møller, Ramon Tikaram, Arnas Fedaravičius, Jason Wong, Adrian Lester, Chaneil Kular",Jean-François Richet,/pu2VxGlpGwffOx292w18b1tv96j.jpg,7.417,763,167.9124,after witnessing his billionaire boss murder and being framed for the crime cole reed boards a cargo ship on a one man crusade to avenge his boss death only to discover an international conspiracy after witnessing his billionaire boss murder and being framed for the crime cole reed boards a cargo ship on a one man crusade to avenge his boss death only to discover an international conspiracy after witnessing his billionaire boss murder and being framed for the crime cole reed boards a cargo ship on a one man crusade to avenge his boss death only to discover an international conspiracy action thriller action thriller revenge conspiracy one man army cargo ship framed for murder revenge conspiracy one man army cargo ship framed for murder jason statham annabelle wallis roland m ller ramon tikaram arnas fedaravi ius jason wong adrian lester chaneil kular jean fran ois richet en en
1084244,Toy Story 5,2026,en,"Animation, Family, Comedy, Adventure","When Bonnie receives a Lilypad tablet as a gift and becomes obsessed, Buzz, Woody, Jessie and the rest of the gang's jobs become exponentially harder when they have to go head to head with the all-new threat to playtime.","farm, island, pig, horse, rescue mission, rivalry, sequel, love, stranded, wedding, tire swing, walkie talkie, cowgirl, blunt, cowboy","Joan Cusack, Tom Hanks, Tim Allen, Conan O'Brien, Scarlett Spears, Greta Lee, Shelby Rabara, Mykal-Michelle Harris",Andrew Stanton,/sfQtVlIHljToOwYjhe21KPGzZWK.jpg,8.318,2467,166.6596,when bonnie receives a lilypad tablet as a gift and becomes obsessed buzz woody jessie and the rest of the gang s jobs become exponentially harder when they have to go head to head with the all new threat to playtime when bonnie receives a lilypad tablet as a gift and becomes obsessed buzz woody jessie and the rest of the gang s jobs become exponentially harder when they have to go head to head with the all new threat to playtime when bonnie receives a lilypad tablet as a gift and becomes obsessed buzz woody jessie and the rest of the gang s jobs become exponentially harder when they have to go head to head with the all new threat to playtime animation family comedy adventure animation family comedy adventure farm island pig horse rescue mission rivalry sequel love stranded wedding tire swing walkie talkie cowgirl blunt cowboy farm island pig horse rescue mission rivalry sequel love stranded wedding tire swing walkie talkie cowgirl blunt cowboy joan cusack tom hanks tim allen conan o brien scarlett spears greta lee shelby rabara mykal michelle harris andrew stanton en en
1339713,Obsession,2026,en,"Horror, Thriller","After breaking the mysterious ""One Wish Willow"" to win his crush's heart, a hopeless romantic finds himself getting exactly what he asked for but soon discovers that some desires come at a dark, sinister price.","obsession, supernatural, possession, wish, unrequited love, couple, absurdism, self-harm, supernatural horror, psychological, independent film, provocative, psychological horror, cursed object, witty","Michael Johnston, Inde Navarrette, Cooper Tomlinson, Megan Lawless, Andy Richter, Haley Fitzgerald, Darin Toonder, Anthony Pavone",Curry Barker,/bRwnj8WEKBCvmfeUNOukJPwB43K.jpg,8.186,5917,163.7127,after breaking the mysterious one wish willow to win his crush s heart a hopeless romantic finds himself getting exactly what he asked for but soon discovers that some desires come at a dark sinister price after breaking the mysterious one wish willow to win his crush s heart a hopeless romantic finds himself getting exactly what he asked for but soon discovers that some desires come at a dark sinister price after breaking the mysterious one wish willow to win his crush s heart a hopeless romantic finds himself getting exactly what he asked for but soon discovers that some desires come at a dark sinister price horror thriller horror thriller obsession supernatural possession wish unrequited love couple absurdism self harm supernatural horror psychological independent film provocative psychological horror cursed object witty obsession supernatural possession wish unrequited love couple absurdism self harm supernatural horror psychological independent film provocative psychological horror cursed object witty michael johnston inde navarrette cooper tomlinson megan lawless andy richter haley fitzgerald darin toonder anthony pavone curry barker en en
1263337,Heart of the Beast,2026,en,"Adventure, Thriller","After a harrowing plane crash, Special Forces officer James Belmont and his combat dog, Odin, find themselves stranded deep in the Alaskan wilderness. Together, they are forced into a brutal fight for survival against the elements.","alaska, dog, special forces, military, american wilderness, man vs nature, plane crash, inspirational, survival thriller, extreme conditions","Brad Pitt, J.K. Simmons, Anna Lambe, Justin Melnick, Shaun DeZern",David Ayer,/1ApfSA8JTqeha3GTFEY8syV4auq.jpg,7.5,196,148.3648,after a harrowing plane crash special forces officer james belmont and his combat dog odin find themselves stranded deep in the alaskan wilderness together they are forced into a brutal fight for survival against the elements after a harrowing plane crash special forces officer james belmont and his combat dog odin find themselves stranded deep in the alaskan wilderness together they are forced into a brutal fight for survival against the elements after a harrowing plane crash special forces officer james belmont and his combat dog odin find themselves stranded deep in the alaskan wilderness together they are forced into a brutal fight for survival against the elements adventure thriller adventure thriller alaska dog special forces military american wilderness man vs nature plane crash inspirational survival thriller extreme conditions alaska dog special forces military american wilderness man vs nature plane crash inspirational survival thriller extreme conditions brad pitt j k simmons anna lambe justin melnick shaun dezern david ayer en en
1492640,UNABOMBER,2026,en,"Thriller, Drama, Crime","Follow Ted Kaczynski's transformation from Harvard prodigy into the infamous Unabomber. Subjected to controversial psychological experiments by Professor Henry Murray, Kaczynski's troubled past resurfaces decades later when his manhunt, led by FBI agent Joanne Miller, brings to light the chilling consequences of ambition and isolation.","bomb, fbi, based on true story, terrorism, mk ultra, biopic","Russell Crowe, Jacob Tremblay, Shailene Woodley, Annabelle Wallis, Alexander Ludwig, Marc Menchaca, Steven Ogg, Mark Camacho",Janus Metz,/39aMkR8Y5vhCG9dTkjiqRl8AVqp.jpg,6.59,316,129.6464,follow ted kaczynski s transformation from harvard prodigy into the infamous unabomber subjected to controversial psychological experiments by professor henry murray kaczynski s troubled past resurfaces decades later when his manhunt led by fbi agent joanne miller brings to light the chilling consequences of ambition and isolation follow ted kaczynski s transformation from harvard prodigy into the infamous unabomber subjected to controversial psychological experiments by professor henry murray kaczynski s troubled past resurfaces decades later when his manhunt led by fbi agent joanne miller brings to light the chilling consequences of ambition and isolation follow ted kaczynski s transformation from harvard prodigy into the infamous unabomber subjected to controversial psychological experiments by professor henry murray kaczynski s troubled past resurfaces decades later when his manhunt led by fbi agent joanne miller brings to light the chilling consequences of ambition and isolation thriller drama crime thriller drama crime bomb fbi based on true story terrorism mk ultra biopic bomb fbi based on true story terrorism mk ultra biopic russell crowe jacob tremblay shailene woodley annabelle wallis alexander ludwig marc menchaca steven ogg mark camacho janus metz en en
1283515,Verity,2026,en,"Mystery, Thriller","Lowen Ashleigh is hired by Jeremy Crawford to ghostwrite novels for his bestselling author wife Verity, who is unable to finish following an accident. Lowen gradually uncovers Verity's disturbing truths while residing at the Crawfords' home to work.","based on novel or book, psychological thriller, novelist, hidden truth, ghost writer, dreary, baffled, tragic","Dakota Johnson, Anne Hathaway, Josh Hartnett, Brady Wagner, Ismael Cruz Cordova, Irina Dvorovenko, Sienna Kulovitz, K.K. Moggie",Michael Showalter,/dGSsPovyUW5XVekXcy7F2GyhTEh.jpg,6.64,68,143.2506,lowen ashleigh is hired by jeremy crawford to ghostwrite novels for his bestselling author wife verity who is unable to finish following an accident lowen gradually uncovers verity s disturbing truths while residing at the crawfords home to work lowen ashleigh is hired by jeremy crawford to ghostwrite novels for his bestselling author wife verity who is unable to finish following an accident lowen gradually uncovers verity s disturbing truths while residing at the crawfords home to work lowen ashleigh is hired by jeremy crawford to ghostwrite novels for his bestselling author wife verity who is unable to finish following an accident lowen gradually uncovers verity s disturbing truths while residing at the crawfords home to work mystery thriller mystery thriller based on novel or book psychological thriller novelist hidden truth ghost writer dreary baffled tragic based on novel or book psychological thriller novelist hidden truth ghost writer dreary baffled tragic dakota johnson anne hathaway josh hartnett brady wagner ismael cruz cordova irina dvorovenko sienna kulovitz k k moggie michael showalter en en
1232569,Pinocchio: Unstrung,2026,en,"Horror, Fantasy, Mystery","Influenced by a sinister Cricket and created by Geppetto, Pinocchio launches a violent crusade to carve himself into a real boy like his brother James, one piece at a time.","lie, puppet, killer doll, dark fantasy, aftercreditsstinger, evil puppet, toy comes to life, mysterious, aggressive, teamwork, absurd, slasher horror, the twisted childhood universe (tcu)","Jude Evan Lloyd, Cameron Bell, Richard Brake, Jessica Balmer, Jack Art Gray, Robert Englund, Emma Tate, Toni Olabanji",Rhys Frake-Waterfield,/eUJXk3bTvLBi5Zcb0BCedZU7lVL.jpg,6.5,123,141.7354,influenced by a sinister cricket and created by geppetto pinocchio launches a violent crusade to carve himself into a real boy like his brother james one piece at a time influenced by a sinister cricket and created by geppetto pinocchio launches a violent crusade to carve himself into a real boy like his brother james one piece at a time influenced by a sinister cricket and created by geppetto pinocchio launches a violent crusade to carve himself into a real boy like his brother james one piece at a time horror fantasy mystery horror fantasy mystery lie puppet killer doll dark fantasy aftercreditsstinger evil puppet toy comes to life mysterious aggressive teamwork absurd slasher horror the twisted childhood universe tcu lie puppet killer doll dark fantasy aftercreditsstinger evil puppet toy comes to life mysterious aggressive teamwork absurd slasher horror the twisted childhood universe tcu jude evan lloyd cameron bell richard brake jessica balmer jack art gray robert englund emma tate toni olabanji rhys frake waterfield en en
1422011,It Ends,2026,en,"Horror, Mystery","A group of recent grads head out on a late night drive for grub, hoping to enjoy one final hangout before their paths diverge. Instead, they accidentally turn onto a never-ending, two-lane hellscape surrounded by untold horrors and cosmic forces beyond their understanding. Cramped together inside a Jeep Cherokee and with the miles stretching infinitely ahead, they face a choice: embrace their new existence or fight to escape it.","supernatural, woods, college friends, road, supernatural horror, lost, psychological, existential horror, independent film, psychological horror, teenager, teen horror","Phinehas Yoon, Akira Jackson, Noah Toth, Mitchell Cole, Jenny Doyle, Jon Linstad, Ian Weir, Alexander Ullom",Alexander Ullom,/6dfAGvZWbJnzWfSZ8gxFj63BNAH.jpg,5.675,63,127.2772,a group of recent grads head out on a late night drive for grub hoping to enjoy one final hangout before their paths diverge instead they accidentally turn onto a never ending two lane hellscape surrounded by untold horrors and cosmic forces beyond their understanding cramped together inside a jeep cherokee and with the miles stretching infinitely ahead they face a choice embrace their new existence or fight to escape it a group of recent grads head out on a late night drive for grub hoping to enjoy one final hangout before their paths diverge instead they accidentally turn onto a never ending two lane hellscape surrounded by untold horrors and cosmic forces beyond their understanding cramped together inside a jeep cherokee and with the miles stretching infinitely ahead they face a choice embrace their new existence or fight to escape it a group of recent grads head out on a late night drive for grub hoping to enjoy one final hangout before their paths diverge instead they accidentally turn onto a never ending two lane hellscape surrounded by untold horrors and cosmic forces beyond their understanding cramped together inside a jeep cherokee and with the miles stretching infinitely ahead they face a choice embrace their new existence or fight to escape it horror mystery horror mystery supernatural woods college friends road supernatural horror lost psychological existential horror independent film psychological horror teenager teen horror supernatural woods college friends road supernatural horror lost psychological existential horror independent film psychological horror teenager teen horror phinehas yoon akira jackson noah toth mitchell cole jenny doyle jon linstad ian weir alexander ullom alexander ullom en en
1477712,Ice Cream Man,2026,en,"Comedy, Horror, Thriller",An idyllic summer town descends into madness when an ice cream man serves kids sweet delights with horrifying results.,"gore, murder, serial killer, summer, massacre, ice cream, ice cream man  , aftercreditsstinger, killer child, town, independent film, absurd, ai generated","Ari Millen, Charlie Zeltzer, Shiloh O’Reilly, Kiori Mirza Waldman, Sarah Abbott, Benjamin Byron Davis, Karen Cliche, Dylan Hawco",Eli Roth,/lNBxToxHWrzmkqeFnf1XADUTxQq.jpg,4.891,110,126.472,an idyllic summer town descends into madness when an ice cream man serves kids sweet delights with horrifying results an idyllic summer town descends into madness when an ice cream man serves kids sweet delights with horrifying results an idyllic summer town descends into madness when an ice cream man serves kids sweet delights with horrifying results comedy horror thriller comedy horror thriller gore murder serial killer summer massacre ice cream ice cream man aftercreditsstinger killer child town independent film absurd ai generated gore murder serial killer summer massacre ice cream ice cream man aftercreditsstinger killer child town independent film absurd ai generated ari millen charlie zeltzer shiloh o reilly kiori mirza waldman sarah abbott benjamin byron davis karen cliche dylan hawco eli roth en en
299534,Avengers: Endgame,2019,en,"Adventure, Science Fiction, Action","After the devastating events of Avengers: Infinity War, the universe is in ruins due to the efforts of the Mad Titan, Thanos. With the help of remaining allies, the Avengers must assemble once more in order to undo Thanos' actions and restore order to the universe once and for all, no matter what consequences may be in store.","superhero, time travel, space travel, time machine, based on comic, sequel, alien invasion, superhero team, marvel cinematic universe (mcu), alternate timeline, father daughter relationship, sister sister relationship, teamwork","Robert Downey Jr., Chris Evans, Mark Ruffalo, Chris Hemsworth, Scarlett Johansson, Jeremy Renner, Josh Brolin, Don Cheadle",Anthony Russo,/ulzhLuWrPK07P1YkdWQLZnQh1JL.jpg,8.245,28890,118.2286,after the devastating events of avengers infinity war the universe is in ruins due to the efforts of the mad titan thanos with the help of remaining allies the avengers must assemble once more in order to undo thanos actions and restore order to the universe once and for all no matter what consequences may be in store after the devastating events of avengers infinity war the universe is in ruins due to the efforts of the mad titan thanos with the help of remaining allies the avengers must assemble once more in order to undo thanos actions and restore order to the universe once and for all no matter what consequences may be in store after the devastating events of avengers infinity war the universe is in ruins due to the efforts of the mad titan thanos with the help of remaining allies the avengers must assemble once more in order to undo thanos actions and restore order to the universe once and for all no matter what consequences may be in store adventure science fiction action adventure science fiction action superhero time travel space travel time machine based on comic sequel alien invasion superhero team marvel cinematic universe mcu alternate timeline father daughter relationship sister sister relationship teamwork superhero time travel space travel time machine based on comic sequel alien invasion superhero team marvel cinematic universe mcu alternate timeline father daughter relationship sister sister relationship teamwork robert downey jr chris evans mark ruffalo chris hemsworth scarlett johansson jeremy renner josh brolin don cheadle anthony russo en en
1607127,One Last Shot,2026,en,"Action, Thriller","Navy Seal Jake Harris must stop a team of mercenaries, led by his disillusioned former comrade, from disabling the US missile defense network.","betrayal, navy seals, mercenaries, missile defense","Scott Adkins, Steven Cree, Hannah Ware, Dolph Lundgren, Kane Kosugi, Neil Linpow, Ray Fearon, Tom Dunne",James Nunn,/niQ4NBh2jqAf1hDZP5m6ReWFAb7.jpg,7.489,88,107.354,navy seal jake harris must stop a team of mercenaries led by his disillusioned former comrade from disabling the us missile defense network navy seal jake harris must stop a team of mercenaries led by his disillusioned former comrade from disabling the us missile defense network navy seal jake harris must stop a team of mercenaries led by his disillusioned former comrade from disabling the us missile defense network action thriller action thriller betrayal navy seals mercenaries missile defense betrayal navy seals mercenaries missile defense scott adkins steven cree hannah ware dolph lundgren kane kosugi neil linpow ray fearon tom dunne james nunn en en
1108427,Moana,2026,en,"Family, Fantasy, Comedy, Adventure","Teenage Moana answers the Ocean's call and, for the first time, voyages beyond the reef of her island of Motunui with infamous demigod Maui on an unforgettable journey to restore prosperity to her people.","sailboat, sea, friendship, ocean, leaving one's family, musical, remake, curse, explorer, based on movie, demigod, polynesia, sea adventure, giant crab, animal sidekick","Catherine Lagaʻaia, Dwayne Johnson, Rena Owen, John Tui, Frankie Adams, Jemaine Clement, Emma Puahi-Shapazian, Amaya Masoli",Thomas Kail,/gaet1xQ2nxrG0V1Ep9T20ZMNEIC.jpg,7.42,836,113.1153,teenage moana answers the ocean s call and for the first time voyages beyond the reef of her island of motunui with infamous demigod maui on an unforgettable journey to restore prosperity to her people teenage moana answers the ocean s call and for the first time voyages beyond the reef of her island of motunui with infamous demigod maui on an unforgettable journey to restore prosperity to her people teenage moana answers the ocean s call and for the first time voyages beyond the reef of her island of motunui with infamous demigod maui on an unforgettable journey to restore prosperity to her people family fantasy comedy adventure family fantasy comedy adventure sailboat sea friendship ocean leaving one s family musical remake curse explorer based on movie demigod polynesia sea adventure giant crab animal sidekick sailboat sea friendship ocean leaving one s family musical remake curse explorer based on movie demigod polynesia sea adventure giant crab animal sidekick catherine laga aia dwayne johnson rena owen john tui frankie adams jemaine clement emma puahi shapazian amaya masoli thomas kail en en
687163,Project Hail Mary,2026,en,"Science Fiction, Adventure","Science teacher Ryland Grace wakes up on a spaceship light years from home with no recollection of who he is or how he got there. As his memory returns, he begins to uncover his mission: solve the riddle of the mysterious substance causing the sun to die out. He must call on his scientific knowledge and unorthodox ideas to save everything on Earth from extinction.","friendship, coma, based on novel or book, bravery, sun, language barrier, space travel, space mission, alien, space, memory loss, astronaut, scientist, science teacher, save the planet","Ryan Gosling, Sandra Hüller, James Ortiz, Lionel Boyce, Milana Vayntrub, Ken Leung, Priya Kansara, Mia Soteriou",Phil Lord,/iOb2fjXLbpJgyQXe46n1WtGCnaa.jpg,8.641,8108,98.1788,science teacher ryland grace wakes up on a spaceship light years from home with no recollection of who he is or how he got there as his memory returns he begins to uncover his mission solve the riddle of the mysterious substance causing the sun to die out he must call on his scientific knowledge and unorthodox ideas to save everything on earth from extinction science teacher ryland grace wakes up on a spaceship light years from home with no recollection of who he is or how he got there as his memory returns he begins to uncover his mission solve the riddle of the mysterious substance causing the sun to die out he must call on his scientific knowledge and unorthodox ideas to save everything on earth from extinction science teacher ryland grace wakes up on a spaceship light years from home with no recollection of who he is or how he got there as his memory returns he begins to uncover his mission solve the riddle of the mysterious substance causing the sun to die out he must call on his scientific knowledge and unorthodox ideas to save everything on earth from extinction science fiction adventure science fiction adventure friendship coma based on novel or book bravery sun language barrier space travel space mission alien space memory loss astronaut scientist science teacher save the planet friendship coma based on novel or book bravery sun language barrier space travel space mission alien space memory loss astronaut scientist science teacher save the planet ryan gosling sandra h ller james ortiz lionel boyce milana vayntrub ken leung priya kansara mia soteriou phil lord en en
1083381,Backrooms,2026,en,"Horror, Mystery, Science Fiction",A strange doorway appears in the basement of a furniture showroom.,"california, monster, therapist, surrealism, childhood trauma, alcoholism, found footage, 1990s, other dimension, based on web series, psychological, liminal, body horror, psychological horror, liminal space","Chiwetel Ejiofor, Renate Reinsve, Finn Bennett, Lukita Maxwell, Mark Duplass, Avan Jogia, Robert Bobroczkyi, Ember Ambrose",Kane Parsons,/rhGx6E3qRNMgj3i5su2oukNHwIQ.jpg,7.02,3577,104.0576,a strange doorway appears in the basement of a furniture showroom a strange doorway appears in the basement of a furniture showroom a strange doorway appears in the basement of a furniture showroom horror mystery science fiction horror mystery science fiction california monster therapist surrealism childhood trauma alcoholism found footage 1990s other dimension based on web series psychological liminal body horror psychological horror liminal space california monster therapist surrealism childhood trauma alcoholism found footage 1990s other dimension based on web series psychological liminal body horror psychological horror liminal space chiwetel ejiofor renate reinsve finn bennett lukita maxwell mark duplass avan jogia robert bobroczkyi ember ambrose kane parsons en en
1315772,Minions & Monsters,2026,en,"Adventure, Animation, Comedy, Family, Fantasy","This is the rambunctious, ridiculous and totally true story of how the Minions conquered Hollywood, became movie stars, lost everything, unleashed monsters onto the world and then banded together to try and save the planet from the mayhem they had just created.","magic, sequel, alien, prequel, hollywood, spin off, henchman, filmmaking, silent film, framing device, duringcreditsstinger, women's suffrage, 1920s, humanoid robot, 3d animation","Pierre Coffin, Trey Parker, Christoph Waltz, Allison Janney, Jesse Eisenberg, Jeff Bridges, Zoey Deutch, Bobby Moynihan",Pierre Coffin,/4LwvU9SZc8QQzW1X1FAPhNbXnEU.jpg,7.549,1226,97.6746,this is the rambunctious ridiculous and totally true story of how the minions conquered hollywood became movie stars lost everything unleashed monsters onto the world and then banded together to try and save the planet from the mayhem they had just created this is the rambunctious ridiculous and totally true story of how the minions conquered hollywood became movie stars lost everything unleashed monsters onto the world and then banded together to try and save the planet from the mayhem they had just created this is the rambunctious ridiculous and totally true story of how the minions conquered hollywood became movie stars lost everything unleashed monsters onto the world and then banded together to try and save the planet from the mayhem they had just created adventure animation comedy family fantasy adventure animation comedy family fantasy magic sequel alien prequel hollywood spin off henchman filmmaking silent film framing device duringcreditsstinger women s suffrage 1920s humanoid robot 3d animation magic sequel alien prequel hollywood spin off henchman filmmaking silent film framing device duringcreditsstinger women s suffrage 1920s humanoid robot 3d animation pierre coffin trey parker christoph waltz allison janney jesse eisenberg jeff bridges zoey deutch bobby moynihan pierre coffin en en
299536,Avengers: Infinity War,2018,en,"Adventure, Action, Science Fiction","As the Avengers and their allies have continued to protect the world from threats too large for any one hero to handle, a new danger has emerged from the cosmic shadows: Thanos. A despot of intergalactic infamy, his goal is to collect all six Infinity Stones, artifacts of unimaginable power, and use them to inflict his twisted will on all of reality. Everything the Avengers have fought for has led up to this moment - the fate of Earth and existence itself has never been more uncertain.","sacrifice, magic, superhero, based on comic, space, battlefield, genocide, magical object, super power, superhero team, aftercreditsstinger, marvel cinematic universe (mcu), cosmic","Robert Downey Jr., Chris Evans, Chris Hemsworth, Josh Brolin, Mark Ruffalo, Scarlett Johansson, Don Cheadle, Benedict Cumberbatch",Joe Russo,/7WsyChQLEftFiDOVTGkv3hFpyyt.jpg,8.245,33056,92.0234,as the avengers and their allies have continued to protect the world from threats too large for any one hero to handle a new danger has emerged from the cosmic shadows thanos a despot of intergalactic infamy his goal is to collect all six infinity stones artifacts of unimaginable power and use them to inflict his twisted will on all of reality everything the avengers have fought for has led up to this moment the fate of earth and existence itself has never been more uncertain as the avengers and their allies have continued to protect the world from threats too large for any one hero to handle a new danger has emerged from the cosmic shadows thanos a despot of intergalactic infamy his goal is to collect all six infinity stones artifacts of unimaginable power and use them to inflict his twisted will on all of reality everything the avengers have fought for has led up to this moment the fate of earth and existence itself has never been more uncertain as the avengers and their allies have continued to protect the world from threats too large for any one hero to handle a new danger has emerged from the cosmic shadows thanos a despot of intergalactic infamy his goal is to collect all six infinity stones artifacts of unimaginable power and use them to inflict his twisted will on all of reality everything the avengers have fought for has led up to this moment the fate of earth and existence itself has never been more uncertain adventure action science fiction adventure action science fiction sacrifice magic superhero based on comic space battlefield genocide magical object super power superhero team aftercreditsstinger marvel cinematic universe mcu cosmic sacrifice magic superhero based on comic space battlefield genocide magical object super power superhero team aftercreditsstinger marvel cinematic universe mcu cosmic robert downey jr chris evans chris hemsworth josh brolin mark ruffalo scarlett johansson don cheadle benedict cumberbatch joe russo en en
755898,War of the Worlds,2025,en,"Science Fiction, Thriller","Will Radford is a top analyst for Homeland Security who tracks potential threats through a mass surveillance program, until one day an attack by an unknown entity leads him to question whether the government is hiding something from him... and from the rest of the world.","government, attack, privacy, surveillance, found footage, cybersecurity, district, online privacy, screenlife, war, so bad it’s good","Ice Cube, Eva Longoria, Clark Gregg, Iman Benson, Henry Hunter Hall, Devon Bostick, Andrea Savage, Nicole Pulliam",Rich Lee,/yvirUYrva23IudARHn3mMGVxWqM.jpg,4.036,1158,101.9744,will radford is a top analyst for homeland security who tracks potential threats through a mass surveillance program until one day an attack by an unknown entity leads him to question whether the government is hiding something from him and from the rest of the world will radford is a top analyst for homeland security who tracks potential threats through a mass surveillance program until one day an attack by an unknown entity leads him to question whether the government is hiding something from him and from the rest of the world will radford is a top analyst for homeland security who tracks potential threats through a mass surveillance program until one day an attack by an unknown entity leads him to question whether the government is hiding something from him and from the rest of the world science fiction thriller science fiction thriller government attack privacy surveillance found footage cybersecurity district online privacy screenlife war so bad it s good government attack privacy surveillance found footage cybersecurity district online privacy screenlife war so bad it s good ice cube eva longoria clark gregg iman benson henry hunter hall devon bostick andrea savage nicole pulliam rich lee en en
1375441,Primetime,2026,en,"Thriller, Drama","In 2006, To Catch a Predator host Chris Hansen sets out to make television history. When a high stakes operation goes fatally wrong, his veneered dream of fame curdles into a nightmare of performative justice.","pedophilia, infidelity, florida, new york city, husband wife relationship, journalism, texas, surrealism, based on true story, connecticut, hidden camera, confrontation, sting operation, taunting, network","Robert Pattinson, Skyler Gisondo, Merritt Wever, Phoebe Bridgers, Matthew Maher, Bokeem Woodbine, Alex Winter, Anna Faris",Lance Oppenheim,/lmrulvLbmaejTix1YaMxo1oGhH1.jpg,6.982,82,79.9785,in 2006 to catch a predator host chris hansen sets out to make television history when a high stakes operation goes fatally wrong his veneered dream of fame curdles into a nightmare of performative justice in 2006 to catch a predator host chris hansen sets out to make television history when a high stakes operation goes fatally wrong his veneered dream of fame curdles into a nightmare of performative justice in 2006 to catch a predator host chris hansen sets out to make television history when a high stakes operation goes fatally wrong his veneered dream of fame curdles into a nightmare of performative justice thriller drama thriller drama pedophilia infidelity florida new york city husband wife relationship journalism texas surrealism based on true story connecticut hidden camera confrontation sting operation taunting network pedophilia infidelity florida new york city husband wife relationship journalism texas surrealism based on true story connecticut hidden camera confrontation sting operation taunting network robert pattinson skyler gisondo merritt wever phoebe bridgers matthew maher bokeem woodbine alex winter anna faris lance oppenheim en en
1084242,Zootopia 2,2025,en,"Animation, Adventure, Comedy, Mystery, Family","After cracking the biggest case in Zootopia's history, rookie cops Judy Hopps and Nick Wilde find themselves on the twisting trail of a great mystery when Gary De'Snake arrives and turns the animal metropolis upside down. To crack the case, Judy and Nick must go undercover to unexpected new parts of town, where their growing partnership is tested like never before.","snake, bunny, fox, cop, sequel, anthropomorphism, animals, displacement, buddy cop, buddy comedy, complex, playful, talking animal, 3d animation, embarrassed","Ginnifer Goodwin, Jason Bateman, Ke Huy Quan, Fortune Feimster, Andy Samberg, David Strathairn, Idris Elba, Shakira",Jared Bush,/oJ7g2CifqpStmoYQyaLQgEU32qO.jpg,7.669,3504,85.9919,after cracking the biggest case in zootopia s history rookie cops judy hopps and nick wilde find themselves on the twisting trail of a great mystery when gary de snake arrives and turns the animal metropolis upside down to crack the case judy and nick must go undercover to unexpected new parts of town where their growing partnership is tested like never before after cracking the biggest case in zootopia s history rookie cops judy hopps and nick wilde find themselves on the twisting trail of a great mystery when gary de snake arrives and turns the animal metropolis upside down to crack the case judy and nick must go undercover to unexpected new parts of town where their growing partnership is tested like never before after cracking the biggest case in zootopia s history rookie cops judy hopps and nick wilde find themselves on the twisting trail of a great mystery when gary de snake arrives and turns the animal metropolis upside down to crack the case judy and nick must go undercover to unexpected new parts of town where their growing partnership is tested like never before animation adventure comedy mystery family animation adventure comedy mystery family snake bunny fox cop sequel anthropomorphism animals displacement buddy cop buddy comedy complex playful talking animal 3d animation embarrassed snake bunny fox cop sequel anthropomorphism animals displacement buddy cop buddy comedy complex playful talking animal 3d animation embarrassed ginnifer goodwin jason bateman ke huy quan fortune feimster andy samberg david strathairn idris elba shakira jared bush en en
83533,Avatar: Fire and Ash,2025,en,"Science Fiction, Adventure, Fantasy","In the wake of the devastating war against the RDA and the loss of their eldest son, Jake Sully and Neytiri face a new threat on Pandora: the Ash People, a violent and power-hungry Na'vi tribe led by the ruthless Varang. Jake's family must fight for their survival and the future of Pandora in a conflict that pushes them to their emotional and physical limits.","witch, clone, space war, tribe, sequel, alien, transhumanism, family, space adventure, motion capture, family dynamics, frantic, rival, intense","Sam Worthington, Zoe Saldaña, Sigourney Weaver, Stephen Lang, Oona Chaplin, Jack Champion, Kate Winslet, Cliff Curtis",James Cameron,/bRBeSHfGHwkEpImlhxPmOcUsaeg.jpg,7.6,4438,83.7846,in the wake of the devastating war against the rda and the loss of their eldest son jake sully and neytiri face a new threat on pandora the ash people a violent and power hungry na vi tribe led by the ruthless varang jake s family must fight for their survival and the future of pandora in a conflict that pushes them to their emotional and physical limits in the wake of the devastating war against the rda and the loss of their eldest son jake sully and neytiri face a new threat on pandora the ash people a violent and power hungry na vi tribe led by the ruthless varang jake s family must fight for their survival and the future of pandora in a conflict that pushes them to their emotional and physical limits in the wake of the devastating war against the rda and the loss of their eldest son jake sully and neytiri face a new threat on pandora the ash people a violent and power hungry na vi tribe led by the ruthless varang jake s family must fight for their survival and the future of pandora in a conflict that pushes them to their emotional and physical limits science fiction adventure fantasy science fiction adventure fantasy witch clone space war tribe sequel alien transhumanism family space adventure motion capture family dynamics frantic rival intense witch clone space war tribe sequel alien transhumanism family space adventure motion capture family dynamics frantic rival intense sam worthington zoe salda a sigourney weaver stephen lang oona chaplin jack champion kate winslet cliff curtis james cameron en en
335984,Blade Runner 2049,2017,en,"Science Fiction, Drama","Thirty years after the events of the first film, a new blade runner, LAPD Officer K, unearths a long-buried secret that has the potential to plunge what's left of society into chaos. K's discovery leads him on a quest to find Rick Deckard, a former LAPD blade runner who has been missing for 30 years.","future, android, bounty hunter, artificial intelligence (a.i.), dystopia, sequel, cyberpunk, transhumanism, los angeles, california, las vegas, tech noir, cyber thriller, humanoid robot, blade runner, 2040s","Ryan Gosling, Harrison Ford, Ana de Armas, Dave Bautista, Robin Wright, Sylvia Hoeks, Mackenzie Davis, Jared Leto",Denis Villeneuve,/gajva2L0rPYkEWjzgFlBXCAVBE5.jpg,7.608,15775,65.2227,thirty years after the events of the first film a new blade runner lapd officer k unearths a long buried secret that has the potential to plunge what s left of society into chaos k s discovery leads him on a quest to find rick deckard a former lapd blade runner who has been missing for 30 years thirty years after the events of the first film a new blade runner lapd officer k unearths a long buried secret that has the potential to plunge what s left of society into chaos k s discovery leads him on a quest to find rick deckard a former lapd blade runner who has been missing for 30 years thirty years after the events of the first film a new blade runner lapd officer k unearths a long buried secret that has the potential to plunge what s left of society into chaos k s discovery leads him on a quest to find rick deckard a former lapd blade runner who has been missing for 30 years science fiction drama science fiction drama future android bounty hunter artificial intelligence a i dystopia sequel cyberpunk transhumanism los angeles california las vegas tech noir cyber thriller humanoid robot blade runner 2040s future android bounty hunter artificial intelligence a i dystopia sequel cyberpunk transhumanism los angeles california las vegas tech noir cyber thriller humanoid robot blade runner 2040s ryan gosling harrison ford ana de armas dave bautista robin wright sylvia hoeks mackenzie davis jared leto denis villeneuve en en
1275779,Disclosure Day,2026,en,"Science Fiction, Thriller","A cybersecurity expert becomes a whistleblower after uncovering secrets about aliens, putting him on the run from a corporation. Meanwhile, a meteorologist experiencing strange phenomena joins forces with him to prove there's life beyond our understanding.","new york city, childhood trauma, alien, on the run, kansas city, mind reading, alien invasion, meteorologist, mysterious, paranoid, whistleblower, conspiracy thriller, arrogant","Emily Blunt, Josh O'Connor, Colin Firth, Eve Hewson, Colman Domingo, Wyatt Russell, Henry Lloyd-Hughes, Elizabeth Marvel",Steven Spielberg,/AnJ8IQJI23hNpYXVNaythu061Ru.jpg,7.46,3526,78.9991,a cybersecurity expert becomes a whistleblower after uncovering secrets about aliens putting him on the run from a corporation meanwhile a meteorologist experiencing strange phenomena joins forces with him to prove there s life beyond our understanding a cybersecurity expert becomes a whistleblower after uncovering secrets about aliens putting him on the run from a corporation meanwhile a meteorologist experiencing strange phenomena joins forces with him to prove there s life beyond our understanding a cybersecurity expert becomes a whistleblower after uncovering secrets about aliens putting him on the run from a corporation meanwhile a meteorologist experiencing strange phenomena joins forces with him to prove there s life beyond our understanding science fiction thriller science fiction thriller new york city childhood trauma alien on the run kansas city mind reading alien invasion meteorologist mysterious paranoid whistleblower conspiracy thriller arrogant new york city childhood trauma alien on the run kansas city mind reading alien invasion meteorologist mysterious paranoid whistleblower conspiracy thriller arrogant emily blunt josh o connor colin firth eve hewson colman domingo wyatt russell henry lloyd hughes elizabeth marvel steven spielberg en en
1240889,Teenage Sex and Death at Camp Miasma,2026,en,"Comedy, Horror, Romance","After years of slapdash sequels, the Camp Miasma franchise is handed over to an enthusiastic young director for resurrection. But when she visits the original’s star, a now-reclusive actress shrouded in mystery, the two women fall into a blood-soaked world of desire, fear, and delirium.","sexuality, trauma, satire, casting, loss of virginity, remake, lesbian relationship, marijuana, serial killer, camp, slasher, polyamory, recluse, lgbt, camp counselor","Hannah Einbinder, Gillian Anderson, Amanda Fix, Arthur Conti, Eva Victor, Zach Cherry, Sarah Sherman, Patrick Fischler",Jane Schoenbrun,/6Q6Zo6GNXMLP600OJSh6MhW21um.jpg,6.272,239,67.35,after years of slapdash sequels the camp miasma franchise is handed over to an enthusiastic young director for resurrection but when she visits the original s star a now reclusive actress shrouded in mystery the two women fall into a blood soaked world of desire fear and delirium after years of slapdash sequels the camp miasma franchise is handed over to an enthusiastic young director for resurrection but when she visits the original s star a now reclusive actress shrouded in mystery the two women fall into a blood soaked world of desire fear and delirium after years of slapdash sequels the camp miasma franchise is handed over to an enthusiastic young director for resurrection but when she visits the original s star a now reclusive actress shrouded in mystery the two women fall into a blood soaked world of desire fear and delirium comedy horror romance comedy horror romance sexuality trauma satire casting loss of virginity remake lesbian relationship marijuana serial killer camp slasher polyamory recluse lgbt camp counselor sexuality trauma satire casting loss of virginity remake lesbian relationship marijuana serial killer camp slasher polyamory recluse lgbt camp counselor hannah einbinder gillian anderson amanda fix arthur conti eva victor zach cherry sarah sherman patrick fischler jane schoenbrun en en
157336,Interstellar,2014,en,"Adventure, Drama, Science Fiction",The adventures of a group of explorers who make use of a newly discovered wormhole to surpass the limitations on human space travel and conquer the vast distances involved in an interstellar voyage.,"spacecraft, race against time, artificial intelligence (a.i.), nasa, time warp, dystopia, expedition, time travel, space travel, wormhole, famine, hibernation, black hole, quantum mechanics, family relationships","Matthew McConaughey, Anne Hathaway, Michael Caine, Jessica Chastain, Casey Affleck, Wes Bentley, Topher Grace, Mackenzie Foy",Christopher Nolan,/yQvGrMoipbRoddT0ZR8tPoR7NfX.jpg,8.489,41367,67.9681,the adventures of a group of explorers who make use of a newly discovered wormhole to surpass the limitations on human space travel and conquer the vast distances involved in an interstellar voyage the adventures of a group of explorers who make use of a newly discovered wormhole to surpass the limitations on human space travel and conquer the vast distances involved in an interstellar voyage the adventures of a group of explorers who make use of a newly discovered wormhole to surpass the limitations on human space travel and conquer the vast distances involved in an interstellar voyage adventure drama science fiction adventure drama science fiction spacecraft race against time artificial intelligence a i nasa time warp dystopia expedition time travel space travel wormhole famine hibernation black hole quantum mechanics family relationships spacecraft race against time artificial intelligence a i nasa time warp dystopia expedition time travel space travel wormhole famine hibernation black hole quantum mechanics family relationships matthew mcconaughey anne hathaway michael caine jessica chastain casey affleck wes bentley topher grace mackenzie foy christopher nolan en en
1101412,Fall 2: Deadpoint,2026,en,Thriller,"On a perilous climb across Thailand's Mount Kwan, two climbers become trapped thousands of feet above the ground, where vertigo-inducing heights, sheer exposure, and impossible odds turn every moment into a fight for survival.","sequel, rock climbing, sport climbing, climb, mountain climber","Harriet Slater, Arsema Thomas, Tom Brittney, Virginia Gardner, Sahajak Boonthanakit, Korakod Yensuk, Jordan Coleman, Maryna Bennett",Michael Spierig,/fgSm5ylwiXbIHn8UbUXDjk9RRu4.jpg,6.2,60,69.4399,on a perilous climb across thailand s mount kwan two climbers become trapped thousands of feet above the ground where vertigo inducing heights sheer exposure and impossible odds turn every moment into a fight for survival on a perilous climb across thailand s mount kwan two climbers become trapped thousands of feet above the ground where vertigo inducing heights sheer exposure and impossible odds turn every moment into a fight for survival on a perilous climb across thailand s mount kwan two climbers become trapped thousands of feet above the ground where vertigo inducing heights sheer exposure and impossible odds turn every moment into a fight for survival thriller thriller sequel rock climbing sport climbing climb mountain climber sequel rock climbing sport climbing climb mountain climber harriet slater arsema thomas tom brittney virginia gardner sahajak boonthanakit korakod yensuk jordan coleman maryna bennett michael spierig en en
980431,Avatar Aang: The Last Airbender,2026,en,"Animation, Adventure, Fantasy, Action","Avatar Aang, the world's last Airbender, learns of an ancient power that could save his culture from extinction. With the help of his friends, he embarks on a global quest to find it before it falls into the wrong hands and threatens to upend the peace they sacrificed everything to achieve.","martial arts, extinction, quest, cultural identity, based on tv series, appreciative, anime inspired","Eric Nam, Dave Bautista, Jessica Matten, Román Zaragoza, Steven Yeun, Dionne Quan, Dee Bradley Baker, Freida Pinto",Lauren Montgomery,/3sgnSfNT27Bx5O5ukr7B26mhEQq.jpg,9.142,1245,70.7825,avatar aang the world s last airbender learns of an ancient power that could save his culture from extinction with the help of his friends he embarks on a global quest to find it before it falls into the wrong hands and threatens to upend the peace they sacrificed everything to achieve avatar aang the world s last airbender learns of an ancient power that could save his culture from extinction with the help of his friends he embarks on a global quest to find it before it falls into the wrong hands and threatens to upend the peace they sacrificed everything to achieve avatar aang the world s last airbender learns of an ancient power that could save his culture from extinction with the help of his friends he embarks on a global quest to find it before it falls into the wrong hands and threatens to upend the peace they sacrificed everything to achieve animation adventure fantasy action animation adventure fantasy action martial arts extinction quest cultural identity based on tv series appreciative anime inspired martial arts extinction quest cultural identity based on tv series appreciative anime inspired eric nam dave bautista jessica matten rom n zaragoza steven yeun dionne quan dee bradley baker freida pinto lauren montgomery en en
533535,Deadpool & Wolverine,2024,en,"Action, Comedy, Science Fiction","A listless Wade Wilson toils away in civilian life with his days as the morally flexible mercenary, Deadpool, behind him. But when his homeworld faces an existential threat, Wade must reluctantly suit-up again with an even more reluctant Wolverine.","hero, superhero, anti hero, mutant, breaking the fourth wall, aftercreditsstinger, duringcreditsstinger, marvel cinematic universe (mcu), mutants, superhero teamup","Ryan Reynolds, Hugh Jackman, Emma Corrin, Matthew Macfadyen, Dafne Keen, Jon Favreau, Morena Baccarin, Rob Delaney",Shawn Levy,/8cdWjvZQUExUUTzyp4t6EDMubfO.jpg,7.588,9552,69.6933,a listless wade wilson toils away in civilian life with his days as the morally flexible mercenary deadpool behind him but when his homeworld faces an existential threat wade must reluctantly suit up again with an even more reluctant wolverine a listless wade wilson toils away in civilian life with his days as the morally flexible mercenary deadpool behind him but when his homeworld faces an existential threat wade must reluctantly suit up again with an even more reluctant wolverine a listless wade wilson toils away in civilian life with his days as the morally flexible mercenary deadpool behind him but when his homeworld faces an existential threat wade must reluctantly suit up again with an even more reluctant wolverine action comedy science fiction action comedy science fiction hero superhero anti hero mutant breaking the fourth wall aftercreditsstinger duringcreditsstinger marvel cinematic universe mcu mutants superhero teamup hero superhero anti hero mutant breaking the fourth wall aftercreditsstinger duringcreditsstinger marvel cinematic universe mcu mutants superhero teamup ryan reynolds hugh jackman emma corrin matthew macfadyen dafne keen jon favreau morena baccarin rob delaney shawn levy en en
1130948,Rosebush Pruning,2026,en,"Comedy, Drama, Thriller","When an American heir living in a luxurious Spanish villa decides to move in with his girlfriend, his departure triggers a family collapse as his brother uncovers the truth behind their mother's tragic death.","based on novel or book, dark comedy, dysfunctional family, catalonia, spain, social satire, family drama, tragicomedy","Callum Turner, Riley Keough, Jamie Bell, Lukas Gage, Tracy Letts, Elle Fanning, Pamela Anderson, Elena Anaya",Karim Aïnouz,/rsHEVjzxU8cxz1sm3vboj99daNv.jpg,6.025,59,66.1696,when an american heir living in a luxurious spanish villa decides to move in with his girlfriend his departure triggers a family collapse as his brother uncovers the truth behind their mother s tragic death when an american heir living in a luxurious spanish villa decides to move in with his girlfriend his departure triggers a family collapse as his brother uncovers the truth behind their mother s tragic death when an american heir living in a luxurious spanish villa decides to move in with his girlfriend his departure triggers a family collapse as his brother uncovers the truth behind their mother s tragic death comedy drama thriller comedy drama thriller based on novel or book dark comedy dysfunctional family catalonia spain social satire family drama tragicomedy based on novel or book dark comedy dysfunctional family catalonia spain social satire family drama tragicomedy callum turner riley keough jamie bell lukas gage tracy letts elle fanning pamela anderson elena anaya karim a nouz en en
1228710,The Mandalorian and Grogu,2026,en,"Action, Adventure, Science Fiction","The evil Empire has fallen, and Imperial warlords remain scattered throughout the galaxy. As the fledgling New Republic works to protect everything the Rebellion fought for, they have enlisted the help of legendary Mandalorian bounty hunter Din Djarin and his young apprentice Grogu.","galaxy, bounty hunter, spin off, space opera, space adventure, based on tv series, master apprentice relationship","Pedro Pascal, Jeremy Allen White, Sigourney Weaver, Brendan Wayne, Lateef Crowder, Steve Blum, Jonny Coyne, Matthew Willig",Jon Favreau,/uwMKWjcNID0D9jjplsjkQS2OrB4.jpg,7.462,1781,65.152,the evil empire has fallen and imperial warlords remain scattered throughout the galaxy as the fledgling new republic works to protect everything the rebellion fought for they have enlisted the help of legendary mandalorian bounty hunter din djarin and his young apprentice grogu the evil empire has fallen and imperial warlords remain scattered throughout the galaxy as the fledgling new republic works to protect everything the rebellion fought for they have enlisted the help of legendary mandalorian bounty hunter din djarin and his young apprentice grogu the evil empire has fallen and imperial warlords remain scattered throughout the galaxy as the fledgling new republic works to protect everything the rebellion fought for they have enlisted the help of legendary mandalorian bounty hunter din djarin and his young apprentice grogu action adventure science fiction action adventure science fiction galaxy bounty hunter spin off space opera space adventure based on tv series master apprentice relationship galaxy bounty hunter spin off space opera space adventure based on tv series master apprentice relationship pedro pascal jeremy allen white sigourney weaver brendan wayne lateef crowder steve blum jonny coyne matthew willig jon favreau en en
1284465,The Death of Robin Hood,2026,en,"Adventure, Drama, Action","Grappling with his past after a life of crime and murder, Robin Hood finds himself gravely injured after a battle he thought would be his last. In the hands of a mysterious woman, he is offered a chance at salvation.","robin hood, based on myths, legends or folklore, grim, salvation, grimdark","Hugh Jackman, Jodie Comer, Bill Skarsgård, Murray Bartlett, Noah Jupe, Jade Croot, Faith Delaney, Tabitha Smyth",Michael Sarnoski,/13MmRwmG5NmaMfU8qNrtgGXisiD.jpg,6.734,490,60.4973,grappling with his past after a life of crime and murder robin hood finds himself gravely injured after a battle he thought would be his last in the hands of a mysterious woman he is offered a chance at salvation grappling with his past after a life of crime and murder robin hood finds himself gravely injured after a battle he thought would be his last in the hands of a mysterious woman he is offered a chance at salvation grappling with his past after a life of crime and murder robin hood finds himself gravely injured after a battle he thought would be his last in the hands of a mysterious woman he is offered a chance at salvation adventure drama action adventure drama action robin hood based on myths legends or folklore grim salvation grimdark robin hood based on myths legends or folklore grim salvation grimdark hugh jackman jodie comer bill skarsg rd murray bartlett noah jupe jade croot faith delaney tabitha smyth michael sarnoski en en
24428,The Avengers,2012,en,"Science Fiction, Action, Adventure","When an unexpected enemy emerges and threatens global safety and security, Nick Fury, director of the international peacekeeping agency known as S.H.I.E.L.D., finds himself in need of a team to pull the world back from the brink of disaster. Spanning the globe, a daring recruitment effort begins!","new york city, superhero, shield, based on comic, alien invasion, superhero team, aftercreditsstinger, duringcreditsstinger, marvel cinematic universe (mcu)","Robert Downey Jr., Chris Evans, Mark Ruffalo, Chris Hemsworth, Scarlett Johansson, Jeremy Renner, Tom Hiddleston, Clark Gregg",Joss Whedon,/RYMX2wcKCBAr24UyPD7xwmjaTn.jpg,8.079,39924,68.0077,when an unexpected enemy emerges and threatens global safety and security nick fury director of the international peacekeeping agency known as s h i e l d finds himself in need of a team to pull the world back from the brink of disaster spanning the globe a daring recruitment effort begins when an unexpected enemy emerges and threatens global safety and security nick fury director of the international peacekeeping agency known as s h i e l d finds himself in need of a team to pull the world back from the brink of disaster spanning the globe a daring recruitment effort begins when an unexpected enemy emerges and threatens global safety and security nick fury director of the international peacekeeping agency known as s h i e l d finds himself in need of a team to pull the world back from the brink of disaster spanning the globe a daring recruitment effort begins science fiction action adventure science fiction action adventure new york city superhero shield based on comic alien invasion superhero team aftercreditsstinger duringcreditsstinger marvel cinematic universe mcu new york city superhero shield based on comic alien invasion superhero team aftercreditsstinger duringcreditsstinger marvel cinematic universe mcu robert downey jr chris evans mark ruffalo chris hemsworth scarlett johansson jeremy renner tom hiddleston clark gregg joss whedon en en
348,Alien,1979,en,"Horror, Science Fiction","During its return to the earth, commercial spaceship Nostromo intercepts a distress signal from a distant planet. When a three-member team of the crew discovers a chamber containing thousands of eggs on the planet, a creature inside one of the eggs attacks an explorer. The entire crew is unaware of the impending nightmare set to descend upon them when the alien parasite planted inside its unfortunate host is birthed.","android, spacecraft, space marine, biology, dystopia, countdown, space suit, beheading, space travel, cowardice, alien, space, female protagonist, parasite, space opera","Tom Skerritt, Sigourney Weaver, Veronica Cartwright, Harry Dean Stanton, John Hurt, Ian Holm, Yaphet Kotto, Bolaji Badejo",Ridley Scott,/vfrQk5IPloGg1v9Rzbh2Eg3VGyM.jpg,8.174,16916,45.7318,during its return to the earth commercial spaceship nostromo intercepts a distress signal from a distant planet when a three member team of the crew discovers a chamber containing thousands of eggs on the planet a creature inside one of the eggs attacks an explorer the entire crew is unaware of the impending nightmare set to descend upon them when the alien parasite planted inside its unfortunate host is birthed during its return to the earth commercial spaceship nostromo intercepts a distress signal from a distant planet when a three member team of the crew discovers a chamber containing thousands of eggs on the planet a creature inside one of the eggs attacks an explorer the entire crew is unaware of the impending nightmare set to descend upon them when the alien parasite planted inside its unfortunate host is birthed during its return to the earth commercial spaceship nostromo intercepts a distress signal from a distant planet when a three member team of the crew discovers a chamber containing thousands of eggs on the planet a creature inside one of the eggs attacks an explorer the entire crew is unaware of the impending nightmare set to descend upon them when the alien parasite planted inside its unfortunate host is birthed horror science fiction horror science fiction android spacecraft space marine biology dystopia countdown space suit beheading space travel cowardice alien space female protagonist parasite space opera android spacecraft space marine biology dystopia countdown space suit beheading space travel cowardice alien space female protagonist parasite space opera tom skerritt sigourney weaver veronica cartwright harry dean stanton john hurt ian holm yaphet kotto bolaji badejo ridley scott en en
591634,False Positive,2021,en,"Horror, Mystery, Thriller","After months of trying and failing to get pregnant, Lucy and Adrian finally find their dream fertility doctor in the illustrious Dr. Hindle. But after becoming pregnant with a healthy baby girl, Lucy begins to notice something sinister through Hindle's gleaming charm, and she sets out to uncover the unsettling truth about him.",pregnancy,"Ilana Glazer, Justin Theroux, Pierce Brosnan, Zainab Jah, Gretchen Mol, Sophia Bush, Josh Hamilton, Kelly AuCoin",John Lee,/3HSov8EW2fI3oQbUJxOvnf684ej.jpg,5.6,203,55.1549,after months of trying and failing to get pregnant lucy and adrian finally find their dream fertility doctor in the illustrious dr hindle but after becoming pregnant with a healthy baby girl lucy begins to notice something sinister through hindle s gleaming charm and she sets out to uncover the unsettling truth about him after months of trying and failing to get pregnant lucy and adrian finally find their dream fertility doctor in the illustrious dr hindle but after becoming pregnant with a healthy baby girl lucy begins to notice something sinister through hindle s gleaming charm and she sets out to uncover the unsettling truth about him after months of trying and failing to get pregnant lucy and adrian finally find their dream fertility doctor in the illustrious dr hindle but after becoming pregnant with a healthy baby girl lucy begins to notice something sinister through hindle s gleaming charm and she sets out to uncover the unsettling truth about him horror mystery thriller horror mystery thriller pregnancy pregnancy ilana glazer justin theroux pierce brosnan zainab jah gretchen mol sophia bush josh hamilton kelly aucoin john lee en en
1386315,The Runner,2026,en,"Thriller, Action","Maia Marten, a brilliant London lawyer, has her life shattered by a single call on her morning run: her son has been taken. To get him back, she must keep running, obey every ruthless command, and trust no one-each second a test of how far a mother will go to save her child.","mother, london, england, kidnapping, son, child kidnapping, nervous, abduction, child rescue, mother son relationship, child abduction, serious, intimate, attorney","Gal Gadot, Damian Lewis, Rory Wilmot, Alfred Enoch, Phoenix Di Sebastiani, Nathan Kirby, Hélder Fernandes, Will Austin",Kevin Macdonald,/uxCaBoYXsDC4A0SqTm3SISj0OwK.jpg,6.762,623,59.4768,maia marten a brilliant london lawyer has her life shattered by a single call on her morning run her son has been taken to get him back she must keep running obey every ruthless command and trust no one each second a test of how far a mother will go to save her child maia marten a brilliant london lawyer has her life shattered by a single call on her morning run her son has been taken to get him back she must keep running obey every ruthless command and trust no one each second a test of how far a mother will go to save her child maia marten a brilliant london lawyer has her life shattered by a single call on her morning run her son has been taken to get him back she must keep running obey every ruthless command and trust no one each second a test of how far a mother will go to save her child thriller action thriller action mother london england kidnapping son child kidnapping nervous abduction child rescue mother son relationship child abduction serious intimate attorney mother london england kidnapping son child kidnapping nervous abduction child rescue mother son relationship child abduction serious intimate attorney gal gadot damian lewis rory wilmot alfred enoch phoenix di sebastiani nathan kirby h lder fernandes will austin kevin macdonald en en
278,The Shawshank Redemption,1994,en,"Drama, Crime","Imprisoned in the 1940s for the double murder of his wife and her lover, upstanding banker Andy Dufresne begins a new life at the Shawshank prison, where he puts his accounting skills to work for an amoral warden. During his long stretch in prison, Dufresne comes to be admired by the other inmates -- including an older prisoner named Red -- for his integrity and unquenchable sense of hope.","prison, friendship, police brutality, corruption, based on novel or book, freedom, hope, prison cell, delinquent, redemption, parole board, prison escape, wrongful imprisonment, interracial friendship, framed for murder","Tim Robbins, Morgan Freeman, Bob Gunton, William Sadler, Clancy Brown, Gil Bellows, James Whitmore, Mark Rolston",Frank Darabont,/9cqNxx0GxF0bflZmeSMuL5tnGzr.jpg,8.731,31487,59.2259,imprisoned in the 1940s for the double murder of his wife and her lover upstanding banker andy dufresne begins a new life at the shawshank prison where he puts his accounting skills to work for an amoral warden during his long stretch in prison dufresne comes to be admired by the other inmates including an older prisoner named red for his integrity and unquenchable sense of hope imprisoned in the 1940s for the double murder of his wife and her lover upstanding banker andy dufresne begins a new life at the shawshank prison where he puts his accounting skills to work for an amoral warden during his long stretch in prison dufresne comes to be admired by the other inmates including an older prisoner named red for his integrity and unquenchable sense of hope imprisoned in the 1940s for the double murder of his wife and her lover upstanding banker andy dufresne begins a new life at the shawshank prison where he puts his accounting skills to work for an amoral warden during his long stretch in prison dufresne comes to be admired by the other inmates including an older prisoner named red for his integrity and unquenchable sense of hope drama crime drama crime prison friendship police brutality corruption based on novel or book freedom hope prison cell delinquent redemption parole board prison escape wrongful imprisonment interracial friendship framed for murder prison friendship police brutality corruption based on novel or book freedom hope prison cell delinquent redemption parole board prison escape wrongful imprisonment interracial friendship framed for murder tim robbins morgan freeman bob gunton william sadler clancy brown gil bellows james whitmore mark rolston frank darabont en en
150540,Inside Out,2015,en,"Animation, Family, Adventure, Drama, Comedy","When 11-year-old Riley moves to a new city, her Emotions team up to help her through the transition. Joy, Fear, Anger, Disgust and Sadness work together, but when Joy and Sadness get lost, they must journey through unfamiliar places to get back home.","dreams, san francisco, california, minnesota, sadness, cartoon, disgust, imaginary friend, elementary school, family relationships, memory, fear, family, anger, unicorn, running away","Amy Poehler, Phyllis Smith, Richard Kind, Bill Hader, Lewis Black, Mindy Kaling, Kaitlyn Dias, Diane Lane",Pete Docter,/2H1TmgdfNtsKlU9jKdeNyYL5y8T.jpg,7.905,23954,59.9074,when 11 year old riley moves to a new city her emotions team up to help her through the transition joy fear anger disgust and sadness work together but when joy and sadness get lost they must journey through unfamiliar places to get back home when 11 year old riley moves to a new city her emotions team up to help her through the transition joy fear anger disgust and sadness work together but when joy and sadness get lost they must journey through unfamiliar places to get back home when 11 year old riley moves to a new city her emotions team up to help her through the transition joy fear anger disgust and sadness work together but when joy and sadness get lost they must journey through unfamiliar places to get back home animation family adventure drama comedy animation family adventure drama comedy dreams san francisco california minnesota sadness cartoon disgust imaginary friend elementary school family relationships memory fear family anger unicorn running away dreams san francisco california minnesota sadness cartoon disgust imaginary friend elementary school family relationships memory fear family anger unicorn running away amy poehler phyllis smith richard kind bill hader lewis black mindy kaling kaitlyn dias diane lane pete docter en en
238,The Godfather,1972,en,"Drama, Crime","Spanning the years 1945 to 1955, a chronicle of the fictional Italian-American Corleone crime family. When organized crime family patriarch, Vito Corleone barely survives an attempt on his life, his youngest son, Michael steps in to take care of the would-be killers, launching a campaign of bloody revenge.","based on novel or book, loss of loved one, love at first sight, italy, gangster, symbolism, patriarch, europe, organized crime, mafia, religion, revenge motive, crime family, sicilian mafia, religious hypocrisy","Marlon Brando, Al Pacino, James Caan, Robert Duvall, Richard S. Castellano, Diane Keaton, Talia Shire, Gianni Russo",Francis Ford Coppola,/3bhkrj58Vtu7enYsRolD1fZdja1.jpg,8.688,23682,58.3471,spanning the years 1945 to 1955 a chronicle of the fictional italian american corleone crime family when organized crime family patriarch vito corleone barely survives an attempt on his life his youngest son michael steps in to take care of the would be killers launching a campaign of bloody revenge spanning the years 1945 to 1955 a chronicle of the fictional italian american corleone crime family when organized crime family patriarch vito corleone barely survives an attempt on his life his youngest son michael steps in to take care of the would be killers launching a campaign of bloody revenge spanning the years 1945 to 1955 a chronicle of the fictional italian american corleone crime family when organized crime family patriarch vito corleone barely survives an attempt on his life his youngest son michael steps in to take care of the would be killers launching a campaign of bloody revenge drama crime drama crime based on novel or book loss of loved one love at first sight italy gangster symbolism patriarch europe organized crime mafia religion revenge motive crime family sicilian mafia religious hypocrisy based on novel or book loss of loved one love at first sight italy gangster symbolism patriarch europe organized crime mafia religion revenge motive crime family sicilian mafia religious hypocrisy marlon brando al pacino james caan robert duvall richard s castellano diane keaton talia shire gianni russo francis ford coppola en en
634649,Spider-Man: No Way Home,2021,en,"Action, Adventure, Science Fiction","Peter Parker is unmasked and no longer able to separate his normal life from the high-stakes of being a super-hero. When he asks for help from Doctor Strange the stakes become even more dangerous, forcing him to discover what it truly means to be Spider-Man.","new york city, hero, showdown, magic, loss of loved one, secret identity, superhero, villain, portal, based on comic, sequel, vigilante, superhero team, masked vigilante, alternative reality","Tom Holland, Zendaya, Benedict Cumberbatch, Jacob Batalon, Jon Favreau, Jamie Foxx, Willem Dafoe, Alfred Molina",Jon Watts,/1g0dhYtq4irTY1GPXvft6k4YLjm.jpg,7.947,23243,59.4466,peter parker is unmasked and no longer able to separate his normal life from the high stakes of being a super hero when he asks for help from doctor strange the stakes become even more dangerous forcing him to discover what it truly means to be spider man peter parker is unmasked and no longer able to separate his normal life from the high stakes of being a super hero when he asks for help from doctor strange the stakes become even more dangerous forcing him to discover what it truly means to be spider man peter parker is unmasked and no longer able to separate his normal life from the high stakes of being a super hero when he asks for help from doctor strange the stakes become even more dangerous forcing him to discover what it truly means to be spider man action adventure science fiction action adventure science fiction new york city hero showdown magic loss of loved one secret identity superhero villain portal based on comic sequel vigilante superhero team masked vigilante alternative reality new york city hero showdown magic loss of loved one secret identity superhero villain portal based on comic sequel vigilante superhero team masked vigilante alternative reality tom holland zendaya benedict cumberbatch jacob batalon jon favreau jamie foxx willem dafoe alfred molina jon watts en en
1185806,PAW Patrol: The Dino Movie,2026,en,"Animation, Adventure, Family, Fantasy, Comedy","The Paw Patrol lands on a mysterious dinosaur island after a storm, where they meet Rex, a stranded pup. When Humdinger's reckless mining triggers a volcano, the team faces their biggest rescue mission yet to save the island.","diamond mine, sequel, based on cartoon, based on toy, prehistory, dinosaur, dog, corrupt mayor, children's adventure, talking animal, adventure comedy, based on tv series, illegal mining, awestruck, physically disabled","Carter Young, Mckenna Grace, Terry Crews, Meredith MacNeill, Ron Pardo, Jennifer Hudson, Hayden Chemberlen, Fortune Feimster",Cal Brunker,/qnin56Syy5rbG7KCaxWY7SPuy6p.jpg,8.2,160,69.2261,the paw patrol lands on a mysterious dinosaur island after a storm where they meet rex a stranded pup when humdinger s reckless mining triggers a volcano the team faces their biggest rescue mission yet to save the island the paw patrol lands on a mysterious dinosaur island after a storm where they meet rex a stranded pup when humdinger s reckless mining triggers a volcano the team faces their biggest rescue mission yet to save the island the paw patrol lands on a mysterious dinosaur island after a storm where they meet rex a stranded pup when humdinger s reckless mining triggers a volcano the team faces their biggest rescue mission yet to save the island animation adventure family fantasy comedy animation adventure family fantasy comedy diamond mine sequel based on cartoon based on toy prehistory dinosaur dog corrupt mayor children s adventure talking animal adventure comedy based on tv series illegal mining awestruck physically disabled diamond mine sequel based on cartoon based on toy prehistory dinosaur dog corrupt mayor children s adventure talking animal adventure comedy based on tv series illegal mining awestruck physically disabled carter young mckenna grace terry crews meredith macneill ron pardo jennifer hudson hayden chemberlen fortune feimster cal brunker en en
880067,Strung,2026,en,"Mystery, Thriller","A talented violinist's prestigious new role as a music tutor for an enigmatic, elite family spirals into a psychological battle for her safety and sanity.","cheating, musician, violin, nanny, music instrument, trauma, violinist, inheritance, psychological thriller, tutor, death of sister, piano, erotic thriller, erotic, psychological","Chlöe Bailey, Lynn Whitfield, Lucien Laviscount, Anna Diop, Romy Woods, Coco Jones, Pardison Fontaine, Lebo Mashile",Malcolm D. Lee,/exO0gvoZUXERxUaejyDchobOvjD.jpg,7.629,85,56.547,a talented violinist s prestigious new role as a music tutor for an enigmatic elite family spirals into a psychological battle for her safety and sanity a talented violinist s prestigious new role as a music tutor for an enigmatic elite family spirals into a psychological battle for her safety and sanity a talented violinist s prestigious new role as a music tutor for an enigmatic elite family spirals into a psychological battle for her safety and sanity mystery thriller mystery thriller cheating musician violin nanny music instrument trauma violinist inheritance psychological thriller tutor death of sister piano erotic thriller erotic psychological cheating musician violin nanny music instrument trauma violinist inheritance psychological thriller tutor death of sister piano erotic thriller erotic psychological chl e bailey lynn whitfield lucien laviscount anna diop romy woods coco jones pardison fontaine lebo mashile malcolm d lee en en
1323244,Rage of Stars,2026,en,"Action, Science Fiction, Thriller","A story about a woman from the International Special Forces Unit, who has a premonition about the impending end of humanity.","military unit, mysterious, prophetic visions, dark visions","Andrea Tivadar, Jord Knotter, Jack McEvoy, Elijah Rowen, Małgorzata Klara, Mayu Gralińska Sakai, Jakub Ormaniec, Milena Grzybek",Łukasz Róg,/oLld47ZT1I3iecM3OWhIphohQUJ.jpg,6.564,218,55.4356,a story about a woman from the international special forces unit who has a premonition about the impending end of humanity a story about a woman from the international special forces unit who has a premonition about the impending end of humanity a story about a woman from the international special forces unit who has a premonition about the impending end of humanity action science fiction thriller action science fiction thriller military unit mysterious prophetic visions dark visions military unit mysterious prophetic visions dark visions andrea tivadar jord knotter jack mcevoy elijah rowen ma gorzata klara mayu grali ska sakai jakub ormaniec milena grzybek ukasz r g en en
1516698,The Last Sunrise,2026,en,"Romance, Drama","Ry, a college student with a chronic illness, escapes to Mallorca for the summer with her mother, where she unexpectedly falls for a local and begins to embrace living in the moment. But as her condition worsens and long-hidden family secrets come to light, everything she has found before summer's end is threatened.","spain, based on novel or book, tension, summer, woman director, chronic illness, appreciative, audacious, comforting, enthusiastic","Maia Reficco, Fernando Lindez, Eva Longoria, Chloé Sweetlove, Andrés Velencoso, Stefanie Martini, Sabrina Bartlett, Àlex Peracaula",Carlson Young,/3PWJqDfygN0YNNjWsDUOXclCp3h.jpg,6.896,211,59.2454,ry a college student with a chronic illness escapes to mallorca for the summer with her mother where she unexpectedly falls for a local and begins to embrace living in the moment but as her condition worsens and long hidden family secrets come to light everything she has found before summer s end is threatened ry a college student with a chronic illness escapes to mallorca for the summer with her mother where she unexpectedly falls for a local and begins to embrace living in the moment but as her condition worsens and long hidden family secrets come to light everything she has found before summer s end is threatened ry a college student with a chronic illness escapes to mallorca for the summer with her mother where she unexpectedly falls for a local and begins to embrace living in the moment but as her condition worsens and long hidden family secrets come to light everything she has found before summer s end is threatened romance drama romance drama spain based on novel or book tension summer woman director chronic illness appreciative audacious comforting enthusiastic spain based on novel or book tension summer woman director chronic illness appreciative audacious comforting enthusiastic maia reficco fernando lindez eva longoria chlo sweetlove andr s velencoso stefanie martini sabrina bartlett lex peracaula carlson young en en
205596,The Imitation Game,2014,en,"History, Drama, Thriller, War","Based on the real life story of legendary cryptanalyst Alan Turing, the film portrays the nail-biting race against time by Turing and his brilliant team of code-breakers at Britain's top-secret Government Code and Cypher School at Bletchley Park, during the darkest days of World War II.","england, homophobia, world war ii, mathematician, genius, biography, based on true story, male homosexuality, code breaking, lgbt, logician, cryptography, math genius, gay theme, inspirational","Benedict Cumberbatch, Keira Knightley, Matthew Goode, Rory Kinnear, Allen Leech, Matthew Beard, Charles Dance, Mark Strong",Morten Tyldum,/zSqJ1qFq8NXFfi7JeIYMlzyR0dx.jpg,7.978,18476,59.4969,based on the real life story of legendary cryptanalyst alan turing the film portrays the nail biting race against time by turing and his brilliant team of code breakers at britain s top secret government code and cypher school at bletchley park during the darkest days of world war ii based on the real life story of legendary cryptanalyst alan turing the film portrays the nail biting race against time by turing and his brilliant team of code breakers at britain s top secret government code and cypher school at bletchley park during the darkest days of world war ii based on the real life story of legendary cryptanalyst alan turing the film portrays the nail biting race against time by turing and his brilliant team of code breakers at britain s top secret government code and cypher school at bletchley park during the darkest days of world war ii history drama thriller war history drama thriller war england homophobia world war ii mathematician genius biography based on true story male homosexuality code breaking lgbt logician cryptography math genius gay theme inspirational england homophobia world war ii mathematician genius biography based on true story male homosexuality code breaking lgbt logician cryptography math genius gay theme inspirational benedict cumberbatch keira knightley matthew goode rory kinnear allen leech matthew beard charles dance mark strong morten tyldum en en
671,Harry Potter and the Philosopher's Stone,2001,en,"Adventure, Fantasy","Harry Potter has lived under the stairs at his aunt and uncle's house his whole life. But on his 11th birthday, he learns he's a powerful wizard—with a place waiting for him at the Hogwarts School of Witchcraft and Wizardry. As he learns to harness his newfound powers with the help of the school's kindly headmaster, Harry uncovers the truth about his parents' deaths—and about the villain who's to blame.","witch, school friend, friendship, london, england, based on novel or book, magic, boarding school, male friendship, child hero, school of witchcraft, chosen one, bullying, school, ghost, fantasy world","Daniel Radcliffe, Rupert Grint, Emma Watson, Richard Harris, Tom Felton, Alan Rickman, Robbie Coltrane, Maggie Smith",Chris Columbus,/wuMc08IPKEatf9rnMNXvIDxqP4W.jpg,7.904,30332,58.9571,harry potter has lived under the stairs at his aunt and uncle s house his whole life but on his 11th birthday he learns he s a powerful wizard with a place waiting for him at the hogwarts school of witchcraft and wizardry as he learns to harness his newfound powers with the help of the school s kindly headmaster harry uncovers the truth about his parents deaths and about the villain who s to blame harry potter has lived under the stairs at his aunt and uncle s house his whole life but on his 11th birthday he learns he s a powerful wizard with a place waiting for him at the hogwarts school of witchcraft and wizardry as he learns to harness his newfound powers with the help of the school s kindly headmaster harry uncovers the truth about his parents deaths and about the villain who s to blame harry potter has lived under the stairs at his aunt and uncle s house his whole life but on his 11th birthday he learns he s a powerful wizard with a place waiting for him at the hogwarts school of witchcraft and wizardry as he learns to harness his newfound powers with the help of the school s kindly headmaster harry uncovers the truth about his parents deaths and about the villain who s to blame adventure fantasy adventure fantasy witch school friend friendship london england based on novel or book magic boarding school male friendship child hero school of witchcraft chosen one bullying school ghost fantasy world witch school friend friendship london england based on novel or book magic boarding school male friendship child hero school of witchcraft chosen one bullying school ghost fantasy world daniel radcliffe rupert grint emma watson richard harris tom felton alan rickman robbie coltrane maggie smith chris columbus en en
693134,Dune: Part Two,2024,en,"Science Fiction, Adventure","Follow the mythic journey of Paul Atreides as he unites with Chani and the Fremen while on a path of revenge against the conspirators who destroyed his family. Facing a choice between the love of his life and the fate of the known universe, Paul endeavors to prevent a terrible future only he can foresee.","based on novel or book, sandstorm, chosen one, sequel, distant future, creature, planet, desert, destiny, giant worm, space opera, sand dune, allegorical, messiah, fall from grace","Timothée Chalamet, Zendaya, Rebecca Ferguson, Javier Bardem, Josh Brolin, Austin Butler, Florence Pugh, Dave Bautista",Denis Villeneuve,/6izwz7rsy95ARzTR3poZ8H6c5pp.jpg,8.138,8666,55.7925,follow the mythic journey of paul atreides as he unites with chani and the fremen while on a path of revenge against the conspirators who destroyed his family facing a choice between the love of his life and the fate of the known universe paul endeavors to prevent a terrible future only he can foresee follow the mythic journey of paul atreides as he unites with chani and the fremen while on a path of revenge against the conspirators who destroyed his family facing a choice between the love of his life and the fate of the known universe paul endeavors to prevent a terrible future only he can foresee follow the mythic journey of paul atreides as he unites with chani and the fremen while on a path of revenge against the conspirators who destroyed his family facing a choice between the love of his life and the fate of the known universe paul endeavors to prevent a terrible future only he can foresee science fiction adventure science fiction adventure based on novel or book sandstorm chosen one sequel distant future creature planet desert destiny giant worm space opera sand dune allegorical messiah fall from grace based on novel or book sandstorm chosen one sequel distant future creature planet desert destiny giant worm space opera sand dune allegorical messiah fall from grace timoth e chalamet zendaya rebecca ferguson javier bardem josh brolin austin butler florence pugh dave bautista denis villeneuve en en
603,The Matrix,1999,en,"Action, Science Fiction","Set in the 22nd century, The Matrix tells the story of a computer hacker who joins a group of underground insurgents fighting the vast and powerful computers who now rule the earth.","man vs machine, martial arts, fortune teller, artificial intelligence (a.i.), saving the world, prophecy, philosophy, dystopia, allegory, insurgence, chosen one, simulated reality , cyberpunk, gnosticism","Keanu Reeves, Laurence Fishburne, Carrie-Anne Moss, Hugo Weaving, Gloria Foster, Joe Pantoliano, Marcus Chong, Julian Arahanga",Lana Wachowski,/dXNAPwY7VrqMAo51EKhhCJfaGb5.jpg,8.26,28868,53.6957,set in the 22nd century the matrix tells the story of a computer hacker who joins a group of underground insurgents fighting the vast and powerful computers who now rule the earth set in the 22nd century the matrix tells the story of a computer hacker who joins a group of underground insurgents fighting the vast and powerful computers who now rule the earth set in the 22nd century the matrix tells the story of a computer hacker who joins a group of underground insurgents fighting the vast and powerful computers who now rule the earth action science fiction action science fiction man vs machine martial arts fortune teller artificial intelligence a i saving the world prophecy philosophy dystopia allegory insurgence chosen one simulated reality cyberpunk gnosticism man vs machine martial arts fortune teller artificial intelligence a i saving the world prophecy philosophy dystopia allegory insurgence chosen one simulated reality cyberpunk gnosticism keanu reeves laurence fishburne carrie anne moss hugo weaving gloria foster joe pantoliano marcus chong julian arahanga lana wachowski en en
1184918,The Wild Robot,2024,en,"Family, Animation, Science Fiction, Adventure","After a shipwreck, an intelligent robot called Roz is stranded on an uninhabited island. To survive the harsh environment, Roz bonds with the island's animals and cares for an orphaned baby goose.","island, based on novel or book, parent child relationship, fox, robot, based on children's book, kindness, goose, nostalgic, aftercreditsstinger, duringcreditsstinger, shipwrecked, kids, adopted son, 3d animation","Lupita Nyong'o, Pedro Pascal, Kit Connor, Bill Nighy, Stephanie Hsu, Matt Berry, Ving Rhames, Mark Hamill",Chris Sanders,/wTnV3PCVW5O92JMrFvvrRcV39RU.jpg,8.311,6678,54.8798,after a shipwreck an intelligent robot called roz is stranded on an uninhabited island to survive the harsh environment roz bonds with the island s animals and cares for an orphaned baby goose after a shipwreck an intelligent robot called roz is stranded on an uninhabited island to survive the harsh environment roz bonds with the island s animals and cares for an orphaned baby goose after a shipwreck an intelligent robot called roz is stranded on an uninhabited island to survive the harsh environment roz bonds with the island s animals and cares for an orphaned baby goose family animation science fiction adventure family animation science fiction adventure island based on novel or book parent child relationship fox robot based on children s book kindness goose nostalgic aftercreditsstinger duringcreditsstinger shipwrecked kids adopted son 3d animation island based on novel or book parent child relationship fox robot based on children s book kindness goose nostalgic aftercreditsstinger duringcreditsstinger shipwrecked kids adopted son 3d animation lupita nyong o pedro pascal kit connor bill nighy stephanie hsu matt berry ving rhames mark hamill chris sanders en en
122,The Lord of the Rings: The Return of the King,2003,en,"Adventure, Fantasy, Action","As armies mass for a final battle that will decide the fate of the world--and powerful, ancient forces of Light and Dark compete to determine the outcome--one member of the Fellowship of the Ring is revealed as the noble heir to the throne of the Kings of Men. Yet, the sole hope for triumph over evil lies with a brave hobbit, Frodo, who, accompanied by his loyal friend Sam and the hideous, wretched Gollum, ventures deep into the very dark heart of Mordor on his seemingly impossible quest to destroy the Ring of Power.​","army, based on novel or book, elves, dwarf, magic, kingdom, obsession, bravery, castle, volcano, giant spider, sequel, honor, king, madness","Elijah Wood, Ian McKellen, Viggo Mortensen, Sean Astin, Andy Serkis, Dominic Monaghan, Billy Boyd, John Noble",Peter Jackson,/rCzpDGLbOoPwLjy3OAm5NUPOTrC.jpg,8.505,27487,52.8972,as armies mass for a final battle that will decide the fate of the world and powerful ancient forces of light and dark compete to determine the outcome one member of the fellowship of the ring is revealed as the noble heir to the throne of the kings of men yet the sole hope for triumph over evil lies with a brave hobbit frodo who accompanied by his loyal friend sam and the hideous wretched gollum ventures deep into the very dark heart of mordor on his seemingly impossible quest to destroy the ring of power as armies mass for a final battle that will decide the fate of the world and powerful ancient forces of light and dark compete to determine the outcome one member of the fellowship of the ring is revealed as the noble heir to the throne of the kings of men yet the sole hope for triumph over evil lies with a brave hobbit frodo who accompanied by his loyal friend sam and the hideous wretched gollum ventures deep into the very dark heart of mordor on his seemingly impossible quest to destroy the ring of power as armies mass for a final battle that will decide the fate of the world and powerful ancient forces of light and dark compete to determine the outcome one member of the fellowship of the ring is revealed as the noble heir to the throne of the kings of men yet the sole hope for triumph over evil lies with a brave hobbit frodo who accompanied by his loyal friend sam and the hideous wretched gollum ventures deep into the very dark heart of mordor on his seemingly impossible quest to destroy the ring of power adventure fantasy action adventure fantasy action army based on novel or book elves dwarf magic kingdom obsession bravery castle volcano giant spider sequel honor king madness army based on novel or book elves dwarf magic kingdom obsession bravery castle volcano giant spider sequel honor king madness elijah wood ian mckellen viggo mortensen sean astin andy serkis dominic monaghan billy boyd john noble peter jackson en en
1081003,Supergirl,2026,en,"Action, Adventure, Science Fiction","When an unexpected and ruthless adversary strikes too close to home, Kara Zor-El, aka Supergirl, reluctantly joins forces with an unlikely companion on an epic, interstellar journey of vengeance and justice.","galaxy, hero, superhero, villain, based on comic, space, female protagonist, dog, super power, heroine, reboot, solitude, supervillain, rescue dog, dc universe (dcu)","Milly Alcock, Eve Ridley, Matthias Schoenaerts, Jason Momoa, David Krumholtz, Emily Beecham, David Corenswet, Kadiff Kirwan",Craig Gillespie,/uhzRnTW4DM13UQBvZP3eVNzQTuz.jpg,6.658,2494,54.9182,when an unexpected and ruthless adversary strikes too close to home kara zor el aka supergirl reluctantly joins forces with an unlikely companion on an epic interstellar journey of vengeance and justice when an unexpected and ruthless adversary strikes too close to home kara zor el aka supergirl reluctantly joins forces with an unlikely companion on an epic interstellar journey of vengeance and justice when an unexpected and ruthless adversary strikes too close to home kara zor el aka supergirl reluctantly joins forces with an unlikely companion on an epic interstellar journey of vengeance and justice action adventure science fiction action adventure science fiction galaxy hero superhero villain based on comic space female protagonist dog super power heroine reboot solitude supervillain rescue dog dc universe dcu galaxy hero superhero villain based on comic space female protagonist dog super power heroine reboot solitude supervillain rescue dog dc universe dcu milly alcock eve ridley matthias schoenaerts jason momoa david krumholtz emily beecham david corenswet kadiff kirwan craig gillespie en en
569094,Spider-Man: Across the Spider-Verse,2023,en,"Animation, Action, Adventure, Science Fiction","After reuniting with Gwen Stacy, Brooklyn’s full-time, friendly neighborhood Spider-Man is catapulted across the Multiverse, where he encounters the Spider Society, a team of Spider-People charged with protecting the Multiverse's very existence. But when the heroes clash on how to handle a new threat, Miles finds himself pitted against the other Spiders and must set out on his own to save those he loves most.","new york city, hero, double life, sacrifice, secret identity, superhero, villain, portal, based on comic, sequel, romance, alter ego, alternate dimension, parenting, family","Shameik Moore, Hailee Steinfeld, Brian Tyree Henry, Luna Lauren Vélez, Jake Johnson, Oscar Isaac, Jason Schwartzman, Issa Rae",Kemp Powers,/8Vt6mWEReuy4Of61Lnj5Xj704m8.jpg,8.351,9346,51.8934,after reuniting with gwen stacy brooklyn s full time friendly neighborhood spider man is catapulted across the multiverse where he encounters the spider society a team of spider people charged with protecting the multiverse s very existence but when the heroes clash on how to handle a new threat miles finds himself pitted against the other spiders and must set out on his own to save those he loves most after reuniting with gwen stacy brooklyn s full time friendly neighborhood spider man is catapulted across the multiverse where he encounters the spider society a team of spider people charged with protecting the multiverse s very existence but when the heroes clash on how to handle a new threat miles finds himself pitted against the other spiders and must set out on his own to save those he loves most after reuniting with gwen stacy brooklyn s full time friendly neighborhood spider man is catapulted across the multiverse where he encounters the spider society a team of spider people charged with protecting the multiverse s very existence but when the heroes clash on how to handle a new threat miles finds himself pitted against the other spiders and must set out on his own to save those he loves most animation action adventure science fiction animation action adventure science fiction new york city hero double life sacrifice secret identity superhero villain portal based on comic sequel romance alter ego alternate dimension parenting family new york city hero double life sacrifice secret identity superhero villain portal based on comic sequel romance alter ego alternate dimension parenting family shameik moore hailee steinfeld brian tyree henry luna lauren v lez jake johnson oscar isaac jason schwartzman issa rae kemp powers en en
